search_term,status,campaign_name,ad_group_name,impressions,clicks,ctr,cost,conversions,cost_per_conversion
colonoscopia,ADDED,Colonoscopia,Colonoscopy - Core,2627,233,0.0887,9719.71,14.8328,655.29
endoscopia,ADDED,Endoscopia,Endoscopy - Core,2794,165,0.0591,6164.59,9.5845,643.19
endoscopia precio,ADDED,Endoscopia,Endoscopy Prices,681,220,0.3231,6120.26,17.3371,353.02
colonoscopia precio,ADDED,Colonoscopia,Colonoscopy - Pricing,434,118,0.2719,4039.64,7,577.09
cpre,ADDED,CPRE,CPRE - Core,561,43,0.0766,2632.7,0,
colonoscopia,ADDED,Colon Max Conversions,Colonoscopy - Core,440,43,0.0977,2458.74,4,614.68
endoscopia merida,ADDED,Endoscopia,Endoscopy - Core,330,86,0.2606,1866.76,18.8666,98.95
colonoscopia que es,NONE,Colonoscopia,Colonoscopy - Core,226,37,0.1637,1767.58,0,
cepre,ADDED,CPRE,CPRE - Core,256,36,0.1406,1734.53,0,
varices esofagicas,ADDED,Ligadura Esofagica,Ligadura Esofagica,235,14,0.0596,1108.81,0.5,2217.62
panendoscopia,ADDED,Endoscopia,Endoscopy - Core,434,30,0.0691,1004.98,4.0833,246.12
precio de una endoscopia en salud digna,NONE,Endoscopia,Endoscopy Prices,93,35,0.3763,920.95,4,230.24
cirugia de hemorroides,ADDED,Hemorroides,Hemorroides - Core,92,11,0.1196,916.17,1,916.17
endoscopia salud digna,NONE,Endoscopia,Endoscopy - Core,162,32,0.1975,895.67,1.1689,766.23
colonoscopia merida,ADDED,Colonoscopia,Colonoscopy - Core,149,46,0.3087,879.84,8.4949,103.57
endoscopia que es,NONE,Endoscopia,Endoscopy - Core,274,22,0.0803,848.22,0,
hemorroidectomia,NONE,Hemorroides,Hemorroides - Core,148,4,0.027,801.98,0,
precio de endoscopia,NONE,Endoscopia,Endoscopy Prices,86,29,0.3372,778.29,0,
que es una colonoscopia,NONE,Colonoscopia,Colonoscopy - Core,100,16,0.16,717.85,0,
colonoscopia precio,ADDED,Colon Max Conversions,Colonoscopy - Pricing,79,15,0.1899,703.54,0,
cuanto cuesta una endoscopia,ADDED,Endoscopia,Endoscopy Prices,96,28,0.2917,694.78,1,694.78
que es una endoscopia,NONE,Endoscopia,Endoscopy - Core,182,17,0.0934,685.62,1,685.62
precio de una endoscopia,NONE,Endoscopia,Endoscopy Prices,78,24,0.3077,665.43,0,
salud digna endoscopia precio,NONE,Endoscopia,Endoscopy Prices,64,20,0.3125,647.02,2.6667,242.63
endoscopia en merida yucatan,ADDED,Endoscopia,Endoscopy - Core,105,29,0.2762,575.45,7.1144,80.89
que es colonoscopia,NONE,Colonoscopia,Colonoscopy - Core,81,13,0.1605,567.6,0,
endoscopia del mayab,ADDED,Endoscopia,Endoscopy - Core,135,42,0.3111,548.64,13.7811,39.81
endoscopia precio mérida yucatán,NONE,Endoscopia,Endoscopy Prices,61,20,0.3279,547.02,3.3333,164.11
precio de una colonoscopia,NONE,Colonoscopia,Colonoscopy - Pricing,57,17,0.2982,546.47,0,
qué es una colonoscopia,NONE,Colonoscopia,Colonoscopy - Core,31,11,0.3548,542.45,0,
colonoscopia precio salud digna,NONE,Colonoscopia,Colonoscopy - Pricing,72,18,0.25,537.05,1.3333,402.79
como se hace una colonoscopia,NONE,Colonoscopia,Colonoscopy - Core,38,12,0.3158,528.3,0,
costo de una endoscopia,NONE,Endoscopia,Endoscopy Prices,52,20,0.3846,497.83,0,
colonoscopia salud digna,NONE,Colonoscopia,Colonoscopy - Core,76,12,0.1579,468.41,1.3333,351.31
operación de hemorroides,NONE,Hemorroides,Hemorroides - Core,29,9,0.3103,464.34,0,
endoscopia con ligadura de varices,NONE,Ligadura Esofagica,Ligadura Esofagica,5,3,0.6,461.41,0.5,922.82
que es la endoscopia,NONE,Endoscopia,Endoscopy - Core,89,12,0.1348,437.48,2,218.74
endoscopia en merida,ADDED,Endoscopia,Endoscopy - Core,119,23,0.1933,426.92,3.75,113.85
varices esofágicas,ADDED,Ligadura Esofagica,Ligadura Esofagica,34,6,0.1765,426.31,0,
precio de la endoscopia,NONE,Endoscopia,Endoscopy Prices,39,14,0.359,426.26,0,
cuánto cuesta una endoscopia,NONE,Endoscopia,Endoscopy Prices,47,16,0.3404,423.17,0,
cirugía de hemorroides,NONE,Hemorroides,Hemorroides - Core,25,6,0.24,422.03,0,
cuanto cuesta una colonoscopia,ADDED,Colonoscopia,Colonoscopy - Pricing,44,12,0.2727,391.44,1,391.44
panendoscopia que es,NONE,Endoscopia,Endoscopy - Core,142,8,0.0563,390.08,0,
endoscopía precio,NONE,Endoscopia,Endoscopy Prices,33,16,0.4848,387.46,1.5,258.31
operacion de hemorroides,ADDED,Hemorroides,Hemorroides - Core,38,10,0.2632,383.52,0,
centro endoscopico las americas,NONE,Endoscopia,Endoscopy - Core,45,14,0.3111,381.43,4.3333,88.02
colonoscopia para que sirve,NONE,Colonoscopia,Colonoscopy - Core,23,7,0.3043,374.19,0,
precio colonoscopia,ADDED,Colonoscopia,Colonoscopy - Pricing,33,12,0.3636,361.89,0,
precio endoscopia,NONE,Endoscopia,Endoscopy Prices,39,11,0.2821,360.92,0,
colonoscopia en merida,ADDED,Colonoscopia,Colonoscopy - Core,53,14,0.2642,354.61,3.0833,115.01
precio endoscopia chopo,NONE,Endoscopia,Endoscopy Prices,33,12,0.3636,349.23,0.8,436.54
ligaduras de hemorroides,NONE,Hemorroides,Hemorroides - Core,8,3,0.375,342.93,0,
precio de la colonoscopia,NONE,Colonoscopia,Colonoscopy - Pricing,35,12,0.3429,340.46,0,
endoscopias en merida,ADDED,Endoscopia,Endoscopy - Core,53,15,0.283,340.17,3.1,109.73
endoscopia gastrointestinal,ADDED,Endoscopia,Endoscopy - Core,80,10,0.125,338.1,2,169.05
jm endoscopia scp,NONE,Endoscopia,Endoscopy - Core,42,12,0.2857,329.3,0,
como se ligan las varices esofagicas,NONE,Ligadura Esofagica,Ligadura Esofagica,4,2,0.5,329.06,0,
panendoscopia precio,ADDED,Endoscopia,Endoscopy Prices,37,9,0.2432,326.81,2,163.41
endoscopia digestiva,NONE,Endoscopia,Endoscopy - Core,89,9,0.1011,322.99,0,
endoscopia merida yucatan,NONE,Endoscopia,Endoscopy - Core,70,15,0.2143,313.98,1.9978,157.16
costo colonoscopia,ADDED,Colonoscopia,Colonoscopy - Pricing,26,7,0.2692,308.74,1,308.74
colonoscopia en mujeres,NONE,Colonoscopia,Colonoscopy - Core,61,8,0.1311,302.34,0,
estudio cpre,ADDED,CPRE,CPRE - Core,38,6,0.1579,298.2,0,
colonoscopia en merida yucatan,ADDED,Colonoscopia,Colonoscopy - Core,37,14,0.3784,286.24,1.832,156.24
ligadura de varices esofagicas,NONE,Ligadura Esofagica,Ligadura Esofagica,42,6,0.1429,286.17,0,
ligadura de hemorroides,ADDED,Hemorroides,Hemorroides - Core,31,4,0.129,283.97,0,
que es la colonoscopia,NONE,Colonoscopia,Colonoscopy - Core,70,5,0.0714,278.63,0,
costo de endoscopia en salud digna,NONE,Endoscopia,Endoscopy Prices,22,9,0.4091,275.83,0.4,689.58
colonoscopia que es,NONE,Colon Max Conversions,Colonoscopy - Core,34,5,0.1471,269.43,0,
precio de una colonoscopia en salud digna,NONE,Colonoscopia,Colonoscopy - Pricing,28,12,0.4286,266.94,3,88.98
para que es una colonoscopia,NONE,Colonoscopia,Colonoscopy - Core,7,5,0.7143,263.95,0,
precio de endoscopia en salud digna,NONE,Endoscopia,Endoscopy Prices,27,10,0.3704,261.51,0,
colonoscopia precios,NONE,Colonoscopia,Colonoscopy - Pricing,19,8,0.4211,252.18,0,
qué precio tiene una colonoscopia,NONE,Colonoscopia,Colonoscopy - Pricing,14,7,0.5,249.4,0,
salud digna colonoscopia precio,NONE,Colonoscopia,Colonoscopy - Pricing,29,6,0.2069,243.91,0,
colonoscopia que es y para que sirve,NONE,Colonoscopia,Colonoscopy - Core,21,4,0.1905,242.06,1,242.06
estudio de colonoscopia,ADDED,Colonoscopia,Colonoscopy - Core,19,5,0.2632,238.19,0,
precio de una endoscopia particular,NONE,Endoscopia,Endoscopy Prices,14,10,0.7143,237.94,0,
esofagogastroduodenoscopia,NONE,Endoscopia,Endoscopy - Core,55,8,0.1455,234.87,1,234.87
endoscopia mérida precio,NONE,Endoscopia,Endoscopy Prices,16,9,0.5625,231.34,1,231.34
endoscopía que es,NONE,Endoscopia,Endoscopy - Core,37,6,0.1622,228.83,0.5,457.66
que es la colonoscopia y como se realiza,NONE,Colonoscopia,Colonoscopy - Core,16,6,0.375,228.66,1,228.66
como se hace una endoscopia,NONE,Endoscopia,Endoscopy - Core,19,4,0.2105,225.54,0,
endoscopia y colonoscopia,NONE,Colonoscopia,Colonoscopy - Core,32,6,0.1875,225.03,0,
que es una colonoscopia y para que sirve,NONE,Colonoscopia,Colonoscopy - Core,43,5,0.1163,221.51,0,
que es una endoscopia digestiva y para que sirve,NONE,Endoscopia,Endoscopy - Core,32,7,0.2188,220.46,1,220.46
cuánto cuesta una colonoscopia,NONE,Colonoscopia,Colonoscopy - Pricing,21,7,0.3333,217.09,0,
colonoscopia precio mérida,NONE,Colonoscopia,Colonoscopy - Pricing,21,7,0.3333,205.21,0,
operacion hemorroides,NONE,Hemorroides,Hemorroides - Core,12,2,0.1667,203.4,0,
cómo se realiza una colonoscopia,NONE,Colonoscopia,Colonoscopy - Core,10,4,0.4,203.32,0,
colonoscopia virtual,NONE,Colonoscopia,Colonoscopy - Core,25,4,0.16,199.48,0,
costo endoscopia,NONE,Endoscopia,Endoscopy Prices,20,6,0.3,197.88,0,
endoscopia costo,NONE,Endoscopia,Endoscopy Prices,20,5,0.25,197.02,0.3333,591.06
endoscopía,NONE,Endoscopia,Endoscopy - Core,73,4,0.0548,195.86,2,97.93
endoscopia precio merida yucatan,NONE,Endoscopia,Endoscopy Prices,18,7,0.3889,195.44,0.7011,278.75
como es la colonoscopia,NONE,Colonoscopia,Colonoscopy - Core,12,4,0.3333,190.98,0,
que precio tiene la colonoscopia,NONE,Colon Max Conversions,Colonoscopy - Pricing,2,2,1,190.66,0,
donde me puedo hacer una endoscopia gastrointestinal,NONE,Endoscopia,Endoscopy - Core,6,6,1,189.38,0.9989,189.59
precio de colonoscopia,ADDED,Colonoscopia,Colonoscopy - Pricing,27,9,0.3333,188.19,1,188.19
como se realiza la colonoscopia,NONE,Colonoscopia,Colonoscopy - Core,12,5,0.4167,187.05,0,
cuanto cuesta una colonoscopia en salud digna,NONE,Colonoscopia,Colonoscopy - Pricing,12,5,0.4167,184.72,0,
precio de la endoscopia en salud digna,NONE,Endoscopia,Endoscopy Prices,16,6,0.375,184.07,0.5,368.14
ligadura con banda elástica para hemorroides,NONE,Hemorroides,Hemorroides - Core,6,1,0.1667,182.81,0,
cpre endoscopia,NONE,CPRE,CPRE - Core,22,3,0.1364,180.08,0,
qué es una panendoscopia,NONE,Endoscopia,Endoscopy - Core,5,4,0.8,176.5,0,
que es colonoscopia y para que sirve,NONE,Colonoscopia,Colonoscopy - Core,15,3,0.2,174.42,0,
varices esofágicas alimentos prohibidos,NONE,Ligadura Esofagica,Ligadura Esofagica,5,1,0.2,172.08,0,
colonoscopia en merida yucatan,NONE,Colonoscopia,Colonoscopy - Pricing,38,7,0.1842,171.93,0,
qué es panendoscopia,NONE,Endoscopia,Endoscopy - Core,6,3,0.5,170.96,0,
varices esofagicas por cirrosis,NONE,Ligadura Esofagica,Ligadura Esofagica,7,1,0.1429,167.22,0,
varices gastricas,NONE,Ligadura Esofagica,Ligadura Esofagica,15,1,0.0667,166.39,0,
cómo se hace una endoscopia,NONE,Endoscopia,Endoscopy - Core,14,4,0.2857,166.23,0,
como es una colonoscopia,NONE,Colonoscopia,Colonoscopy - Core,16,4,0.25,163.65,0,
para que sirve la endoscopia digestiva,NONE,Endoscopia,Endoscopy - Core,8,4,0.5,163.34,0,
ligadura con banda elástica para hemorroides precio,NONE,Hemorroides,Hemorroides - Core,12,2,0.1667,162.58,0,
como se hace la colonoscopia,NONE,Colonoscopia,Colonoscopy - Core,23,4,0.1739,161.4,0,
várices en el estómago tiene cura,NONE,Ligadura Esofagica,Ligadura Esofagica,2,1,0.5,161.31,0,
cuidados después de una ligadura de várices esofágicas,NONE,Ligadura Esofagica,Ligadura Esofagica,4,1,0.25,157.33,0,
cuánto cuesta una endoscopia en salud digna,NONE,Endoscopia,Endoscopy Prices,14,6,0.4286,156.25,0,
colonoscopia como se hace,NONE,Colonoscopia,Colonoscopy - Core,15,4,0.2667,155.94,0,
hemorroides ligadura con banda elástica,NONE,Hemorroides,Hemorroides - Core,3,1,0.3333,155.67,0,
endoscopista,NONE,Endoscopia,Endoscopy - Core,26,4,0.1538,155.34,1,155.34
cuánto cuesta una colonoscopia en salud digna,NONE,Colonoscopia,Colonoscopy - Pricing,19,7,0.3684,154.86,0,
cuánto vale una endoscopia,NONE,Endoscopia,Endoscopy Prices,15,6,0.4,153.59,0,
qué es una endoscopia,NONE,Endoscopia,Endoscopy - Core,33,3,0.0909,152.5,0,
cuanto tarda una colonoscopia,NONE,Colonoscopia,Colonoscopy - Core,18,3,0.1667,150.67,0,
endogastrica mérida,NONE,Endoscopia,Endoscopy - Core,27,6,0.2222,149.02,0,
como es la colonoscopia,NONE,Colon Max Conversions,Colonoscopy - Core,5,4,0.8,148.03,0,
costo colonoscopia salud digna,NONE,Colonoscopia,Colonoscopy - Pricing,6,4,0.6667,146.18,0,
costo de una endoscopia en salud digna,NONE,Endoscopia,Endoscopy Prices,12,4,0.3333,146.14,0,
endoscopia digestiva alta precio,NONE,Endoscopia,Endoscopy Prices,16,5,0.3125,144.87,0,
preparación para una colonoscopia,NONE,Colonoscopia,Colonoscopy - Core,13,3,0.2308,144.01,1,144.01
procedimiento cpre,NONE,CPRE,CPRE - Core,22,3,0.1364,143.32,0,
colonscopia,NONE,Colonoscopia,Colonoscopy - Core,22,3,0.1364,142.62,0,
cuánto cuesta un estudio de colonoscopia,NONE,Colonoscopia,Colonoscopy - Pricing,8,4,0.5,142.58,0,
cómo se hace la endoscopia,NONE,Endoscopia,Endoscopy - Core,9,5,0.5556,139.58,0,
foto de una colonoscopia,NONE,Colon Max Conversions,Colonoscopy - Core,2,2,1,139.28,0,
para que sirve la endoscopia,NONE,Endoscopia,Endoscopy - Core,38,3,0.0789,138.41,0,
precio de la colonoscopia en salud digna,NONE,Colonoscopia,Colonoscopy - Pricing,10,5,0.5,138.37,1,138.37
jm endoscopia,NONE,Endoscopia,Endoscopy - Core,29,4,0.1379,137.89,1,137.89
que precio tiene una endoscopia,NONE,Endoscopia,Endoscopy Prices,11,4,0.3636,137.58,0,
cuanto vale una endoscopia,NONE,Endoscopia,Endoscopy Prices,11,5,0.4545,137.09,0,
estudio cpre costo en mérida yucatán,NONE,CPRE,CPRE - Core,32,6,0.1875,136.3,1.0003,136.26
que es colonoscopia,NONE,Colon Max Conversions,Colonoscopy - Core,11,4,0.3636,136.2,0,
varices en el estomago,NONE,Ligadura Esofagica,Ligadura Esofagica,64,2,0.0312,136.17,0,
que es una colonoscopia,NONE,Colon Max Conversions,Colonoscopy - Core,14,3,0.2143,133.49,1,133.49
endoscopia superior precio,NONE,Endoscopia,Endoscopy Prices,4,3,0.75,130.73,0,
colonoscopia virtual chopo,NONE,Colonoscopia,Colonoscopy - Core,4,3,0.75,128.02,0,
endoscopia digestiva alta,NONE,Endoscopia,Endoscopy - Core,33,4,0.1212,127.69,0.6667,191.54
qué precio tiene la colonoscopia,NONE,Colonoscopia,Colonoscopy - Pricing,4,2,0.5,127.33,0,
hacen endoscopia en salud digna,NONE,Endoscopia,Endoscopy - Core,13,4,0.3077,126.69,0,
qué precio tiene una colonoscopia en salud digna,NONE,Colonoscopia,Colonoscopy - Pricing,20,4,0.2,124.98,0,
cuanto cuesta una endoscopia en salud digna,NONE,Endoscopia,Endoscopy Prices,16,5,0.3125,123.86,0,
endoscopia en salud digna,NONE,Endoscopia,Endoscopy - Core,16,4,0.25,123.02,0,
para que sirve una colonoscopia con biopsia,NONE,Colonoscopia,Colonoscopy - Core,1,2,2,122.1,0,
precio endoscopia salud digna,NONE,Endoscopia,Endoscopy Prices,10,4,0.4,121.54,0,
costo endoscopia salud digna,NONE,Endoscopia,Endoscopy Prices,9,4,0.4444,120.91,0,
indicaciones para una colonoscopia,NONE,Colonoscopia,Colonoscopy - Core,2,2,1,119.74,0,
por donde se hace una endoscopia,NONE,Endoscopia,Endoscopy - Core,2,3,1.5,119.56,1,119.56
en que consiste la colonoscopia,NONE,Colonoscopia,Colonoscopy - Core,2,2,1,119.3,0,
cómo es una colonoscopia,NONE,Colonoscopia,Colonoscopy - Core,7,4,0.5714,119.15,0,
cuánto cuesta el estudio de colonoscopia,NONE,Colonoscopia,Colonoscopy - Pricing,6,4,0.6667,119.1,0,
qué es endoscopia,NONE,Endoscopia,Endoscopy - Core,13,3,0.2308,118.72,0.25,474.88
salud digna realiza endoscopia,NONE,Endoscopia,Endoscopy - Core,3,3,1,118.44,1,118.44
estudio del colon,NONE,Colonoscopia,Colonoscopy - Core,19,4,0.2105,117.94,0,
salud digna endoscopia,NONE,Endoscopia,Endoscopy - Core,16,4,0.25,117.7,0,
cómo es la colonoscopia,NONE,Colonoscopia,Colonoscopy - Core,3,2,0.6667,117.38,0,
endoscopia precio merida,ADDED,Endoscopia,Endoscopy Prices,19,4,0.2105,116.57,0,
como se realiza una colonoscopia,NONE,Colonoscopia,Colonoscopy - Core,14,3,0.2143,115.8,0,
precio endoscopia y colonoscopia,NONE,Colonoscopia,Colonoscopy - Pricing,3,2,0.6667,115.7,0,
endoscopia star medica,NONE,Endoscopia,Endoscopy - Core,4,3,0.75,115.08,1.5,76.72
precio endoscopia similares,NONE,Endoscopia,Endoscopy Prices,8,5,0.625,115.0,0,
que es endoscopia,NONE,Endoscopia,Endoscopy - Core,103,4,0.0388,114.36,0,
estudios de colonoscopia,NONE,Colon Max Conversions,Colonoscopy - Core,4,2,0.5,113.08,0,
es peligroso una endoscopia precio,NONE,Endoscopia,Endoscopy Prices,5,3,0.6,112.22,0,
resonancia colonoscopia,NONE,Colon Max Conversions,Colonoscopy - Core,2,1,0.5,111.45,0,
endoscopia con biopsia,NONE,Endoscopia,Endoscopy - Core,25,5,0.2,110.76,1.6667,66.46
cpre procedimiento,NONE,CPRE,CPRE - Core,9,3,0.3333,110.66,0,
cómo se hace la colonoscopia en mujeres,NONE,Colonoscopia,Colonoscopy - Core,7,4,0.5714,109.33,0,
cuando es necesario hacerse una colonoscopia,NONE,Colonoscopia,Colonoscopy - Core,22,2,0.0909,109.04,0,
colonoscopias que es,NONE,Colonoscopia,Colonoscopy - Core,2,2,1,108.98,0,
precio aproximado de una endoscopia,NONE,Endoscopia,Endoscopy Prices,4,3,0.75,108.97,0,
ultrasonido endoscopico,NONE,Endoscopia,Endoscopy - Core,16,2,0.125,108.94,0.5,217.88
endoscopia merida precio,NONE,Endoscopia,Endoscopy Prices,11,4,0.3636,108.17,0,
qué precio tiene una endoscopia,NONE,Endoscopia,Endoscopy Prices,13,5,0.3846,107.85,1,107.85
centro endoscopico,ADDED,Endoscopia,Endoscopy - Core,26,4,0.1538,106.98,0,
que cuesta una endoscopia,NONE,Endoscopia,Endoscopy Prices,5,3,0.6,106.94,0,
cuál es el procedimiento de una endoscopia,NONE,Endoscopia,Endoscopy - Core,3,3,1,106.67,0,
endoscopia cerca de mi,NONE,Endoscopia,Endoscopy - Core,32,10,0.3125,105.48,0,
como es la endoscopia,NONE,Endoscopia,Endoscopy - Core,10,2,0.2,105.44,0,
como prepararse para una colonoscopia,NONE,Colonoscopia,Colonoscopy - Core,4,2,0.5,104.84,0,
cuanto sale una endoscopia,NONE,Endoscopia,Endoscopy Prices,10,4,0.4,104.06,0,
qué es una colonoscopia,NONE,Colon Max Conversions,Colonoscopy - Core,11,3,0.2727,103.87,0,
endoscopia costo salud digna,NONE,Endoscopia,Endoscopy Prices,9,3,0.3333,103.31,0,
várices esofágicas pronóstico de vida,NONE,Ligadura Esofagica,Ligadura Esofagica,18,1,0.0556,102.89,0,
endoscopia de esofago,NONE,Endoscopia,Endoscopy - Core,1,2,2,102.04,0,
esófago gastroendoscopia,NONE,Endoscopia,Endoscopy - Core,6,4,0.6667,101.94,0,
como es el procedimiento de colonoscopia,NONE,Colonoscopia,Colonoscopy - Core,1,2,2,101.76,0,
cepres cirugia,NONE,CPRE,CPRE - Core,7,3,0.4286,101.02,0,
para que sirve una endoscopia,NONE,Endoscopia,Endoscopy - Core,19,3,0.1579,100.96,0,
qué es colonoscopia,NONE,Colonoscopia,Colonoscopy - Core,18,2,0.1111,100.67,0,
que es endoscopia y para que sirve,NONE,Endoscopia,Endoscopy - Core,35,3,0.0857,100.43,0,
la hemorroide se opera,NONE,Hemorroides,Hemorroides - Core,2,1,0.5,100.3,0,
cuanto sale una endoscopia en salud digna,NONE,Endoscopia,Endoscopy Prices,7,2,0.2857,100.15,0,
cuanto vale una colonoscopia,NONE,Colonoscopia,Colonoscopy - Pricing,9,3,0.3333,98.6,0,
cuanto tarda una endoscopia con biopsia,NONE,Endoscopia,Endoscopy - Core,9,2,0.2222,98.21,0,
varices en el estómago tiene cura,NONE,Ligadura Esofagica,Ligadura Esofagica,4,1,0.25,98.18,0,
colonoscopia cancún precio,NONE,Colonoscopia,Colonoscopy - Pricing,6,2,0.3333,97.92,0,
colonoscopia como se hace,NONE,Colon Max Conversions,Colonoscopy - Core,4,1,0.25,97.91,0,
colon por enema o colonoscopia,NONE,Colonoscopia,Colonoscopy - Core,1,2,2,97.38,0,
endoscopía salud digna precio,NONE,Endoscopia,Endoscopy Prices,4,2,0.5,94.95,0,
colonoscopia y,NONE,Colonoscopia,Colonoscopy - Core,2,1,0.5,94.29,0,
costo de colonoscopia en chopo,NONE,Colonoscopia,Colonoscopy - Pricing,3,2,0.6667,94.28,0,
cuanto cuesta una colonoscopia en salud digna,NONE,Colon Max Conversions,Colonoscopy - Pricing,2,2,1,94.18,0,
centro de endoscopia,NONE,Endoscopia,Endoscopy - Core,25,3,0.12,92.22,0,
para que sirve la colonoscopia,NONE,Colonoscopia,Colonoscopy - Core,25,2,0.08,91.73,1,91.73
operar hemorroides,NONE,Hemorroides,Hemorroides - Core,1,1,1,90.88,0,
endoscopia de garganta precio,NONE,Endoscopia,Endoscopy Prices,10,2,0.2,90.72,0,
en salud digna hacen endoscopia,NONE,Endoscopia,Endoscopy - Core,23,2,0.087,90.7,0,
colonoscopia merida,ADDED,Colon Max Conversions,Colonoscopy - Core,18,5,0.2778,90.43,1.9978,45.27
estudio de cpre,NONE,CPRE,CPRE - Core,4,2,0.5,90.18,0,
salud digna hacen endoscopias,NONE,Endoscopia,Endoscopy - Core,2,2,1,90.1,0,
tecnica de cpre,NONE,CPRE,CPRE - Core,3,1,0.3333,89.48,0,
gastroscopia precio,NONE,Endoscopia,Endoscopy Prices,9,3,0.3333,89.41,0,
en salud digna hacen endoscopia digestiva,NONE,Endoscopia,Endoscopy - Core,4,4,1,88.7,0,
en donde hacen endoscopia,NONE,Endoscopia,Endoscopy - Core,5,2,0.4,88.64,0,
costo de una colonoscopía en salud digna,NONE,Colonoscopia,Colonoscopy - Pricing,5,2,0.4,88.38,0,
que significa endoscopia,NONE,Endoscopia,Endoscopy - Core,7,2,0.2857,88.38,0,
precio colonoscopia salud digna,NONE,Colonoscopia,Colonoscopy - Pricing,19,4,0.2105,87.66,0,
colonoscopia en villahermosa,NONE,Colonoscopia,Colonoscopy - Core,1,2,2,87.44,0,
tipos de endoscopia,NONE,Endoscopia,Endoscopy - Core,21,2,0.0952,86.64,0,
costo de colonoscopia,ADDED,Colon Max Conversions,Colonoscopy - Pricing,6,2,0.3333,86.12,0,
precio de colonoscopia en salud digna,NONE,Colonoscopia,Colonoscopy - Pricing,7,3,0.4286,85.97,0,
la endoscopia,NONE,Endoscopia,Endoscopy - Core,7,2,0.2857,85.62,0,
para que sirve una colonoscopia,NONE,Colonoscopia,Colonoscopy - Core,14,2,0.1429,85.52,0,
que costo tiene una endoscopia,NONE,Endoscopia,Endoscopy Prices,4,2,0.5,85.3,0,
colonoscopia costo,NONE,Colonoscopia,Colonoscopy - Pricing,21,4,0.1905,85.06,0,
por qué se hace una colonoscopia,NONE,Colonoscopia,Colonoscopy - Core,2,1,0.5,83.79,0,
cuanto cuesta una colonoscopia con biopsia,NONE,Colonoscopia,Colonoscopy - Pricing,5,3,0.6,83.54,0,
colonoscopia como se realiza,NONE,Colonoscopia,Colonoscopy - Core,7,2,0.2857,83.38,1,83.38
colonoscopia star medica,NONE,Colonoscopia,Colonoscopy - Core,9,3,0.3333,83.36,0,
costo de una colonoscopia,NONE,Colonoscopia,Colonoscopy - Pricing,20,4,0.2,83.22,0,
que es una colonoscopia y como se realiza,NONE,Colonoscopia,Colonoscopy - Core,13,3,0.2308,82.98,0,
endoscopía para que sirve,NONE,Endoscopia,Endoscopy - Core,3,2,0.6667,82.62,0,
las varices esofágicas desaparecen,NONE,Ligadura Esofagica,Ligadura Esofagica,6,1,0.1667,82.3,0,
precio de la colonoscopia en salud digna,NONE,Colon Max Conversions,Colonoscopy - Pricing,2,3,1.5,82.25,2,41.12
colonoscopia en merida,NONE,Colonoscopia,Colonoscopy - Pricing,19,7,0.3684,81.34,1.4154,57.47
clinica endoscopia,NONE,Endoscopia,Endoscopy - Core,15,3,0.2,80.7,1,80.7
cuanto cuesta una panendoscopia,NONE,Endoscopia,Endoscopy Prices,6,2,0.3333,80.43,0,
cuanto cuesta la colonoscopia,NONE,Colon Max Conversions,Colonoscopy - Pricing,3,1,0.3333,79.81,0,
colangiopancreatografia retrógrada endoscopica,NONE,CPRE,CPRE - Core,3,1,0.3333,79.58,0,
varice esofagica,NONE,Ligadura Esofagica,Ligadura Esofagica,4,1,0.25,79.21,0,
costo aproximado de una colonoscopia,NONE,Colon Max Conversions,Colonoscopy - Pricing,2,1,0.5,79.12,0,
what is cpre,NONE,CPRE,CPRE - Core,1,1,1,78.68,0,
endoscopia precio mérida,ADDED,Endoscopia,Endoscopy Prices,8,2,0.25,78.45,0,
es peligroso una endoscopia,NONE,Endoscopia,Endoscopy - Core,14,2,0.1429,78.36,0,
qué es una colonoscopia y para qué sirve,NONE,Colonoscopia,Colonoscopy - Core,1,2,2,78.16,0,
ligas esofagicas,NONE,Ligadura Esofagica,Ligadura Esofagica,4,1,0.25,78.11,0,
endoscopia precio en salud digna,NONE,Endoscopia,Endoscopy Prices,6,2,0.3333,78.07,0,
colonoscopia precio merida,ADDED,Colonoscopia,Colonoscopy - Pricing,8,2,0.25,77.96,0,
cuánto sale una endoscopia,NONE,Endoscopia,Endoscopy Prices,5,2,0.4,77.83,0,
centro endoscopico merida,NONE,Endoscopia,Endoscopy - Core,6,2,0.3333,77.63,1,77.63
en que consiste una colonoscopia,NONE,Colonoscopia,Colonoscopy - Core,2,1,0.5,77.6,0,
biopsia de endoscopia,NONE,Endoscopia,Endoscopy - Core,6,2,0.3333,77.46,0,
que es una endoscopia precio,NONE,Endoscopia,Endoscopy Prices,5,3,0.6,77.33,0,
varices en el esófago,NONE,Ligadura Esofagica,Ligadura Esofagica,4,1,0.25,77.09,0,
varices esofágicas tiene cura,NONE,Ligadura Esofagica,Ligadura Esofagica,2,1,0.5,76.69,0,
donde hacen endoscopia,NONE,Endoscopia,Endoscopy - Core,5,4,0.8,76.61,0,
nuevo metodo de colonoscopia,NONE,Colonoscopia,Colonoscopy - Core,2,2,1,75.88,0,
precio de una colonoscopia en salud digna,NONE,Colon Max Conversions,Colonoscopy - Pricing,5,2,0.4,75.43,0,
precio de endoscopia en similares,NONE,Endoscopia,Endoscopy Prices,8,2,0.25,75.42,0,
cirugías de hemorroides,NONE,Hemorroides,Hemorroides - Core,4,2,0.5,75.1,0,
cirugía por hemorroides,NONE,Hemorroides,Hemorroides - Core,15,1,0.0667,75.03,0,
que es un endoscopia,NONE,Endoscopia,Endoscopy - Core,6,2,0.3333,74.71,0,
endoscopia como se hace el estudio,NONE,Endoscopia,Endoscopy - Core,3,2,0.6667,74.55,0,
endoscopia diagnostica precio,NONE,Endoscopia,Endoscopy Prices,3,2,0.6667,74.34,0,
cuál es el precio de una endoscopia,NONE,Endoscopia,Endoscopy Prices,6,2,0.3333,74.26,0,
endoscopia gastrointestinal superior,NONE,Endoscopia,Endoscopy - Core,4,2,0.5,73.97,0,
colonoscopia virtual precio,NONE,Colonoscopia,Colonoscopy - Pricing,8,1,0.125,73.77,0,
endoscopia costos,NONE,Endoscopia,Endoscopy Prices,8,2,0.25,73.51,2,36.76
endoscopia con biopsia precio,NONE,Endoscopia,Endoscopy Prices,4,2,0.5,73.35,1,73.35
salud digna hace endoscopia,NONE,Endoscopia,Endoscopy - Core,17,2,0.1176,73.23,2,36.62
colonoscopia y endoscopia,NONE,Colon Max Conversions,Colonoscopy - Core,4,1,0.25,72.84,0,
estudio de colonoscopia,ADDED,Colon Max Conversions,Colonoscopy - Core,4,1,0.25,72.81,0,
que es la endoscopia y para que sirve,NONE,Endoscopia,Endoscopy - Core,48,2,0.0417,72.71,0,
estudios de endoscopia precio,NONE,Endoscopia,Endoscopy Prices,3,2,0.6667,72.53,0,
cuánto cuesta la endoscopia en salud digna,NONE,Endoscopia,Endoscopy Prices,2,2,1,72.27,0,
hacen colonoscopia en salud digna,NONE,Colonoscopia,Colonoscopy - Core,5,2,0.4,71.41,0,
precio endoscopia en salud digna,NONE,Endoscopia,Endoscopy Prices,2,2,1,70.8,0,
estudio del colon como se llama,NONE,Colon Max Conversions,Colonoscopy - Core,4,1,0.25,70.74,0,
como se hace una colonoscopia y para que sirve,NONE,Colonoscopia,Colonoscopy - Core,8,1,0.125,70.67,0,
estudio del estomago endoscopia,NONE,Endoscopia,Endoscopy - Core,4,1,0.25,69.9,0,
cuánto dura una colonoscopia,NONE,Colonoscopia,Colonoscopy - Core,6,1,0.1667,69.42,0,
ligador de varices esofagicas,NONE,Ligadura Esofagica,Ligadura Esofagica,4,1,0.25,69.27,0,
que es el colonoscopia,NONE,Colonoscopia,Colonoscopy - Core,3,1,0.3333,69.17,0,
procedimiento endoscopia,NONE,Endoscopia,Endoscopy - Core,4,1,0.25,68.93,0,
cuanto sale una colonoscopia,NONE,Colonoscopia,Colonoscopy - Pricing,4,2,0.5,68.9,0,
colonoscopia real,NONE,Colonoscopia,Colonoscopy - Core,1,2,2,68.71,0,
precio endoscopia nasal,NONE,Endoscopia,Endoscopy Prices,5,1,0.2,68.52,0,
como se hace un estudio de colonoscopia,NONE,Colonoscopia,Colonoscopy - Core,2,2,1,68.38,0,
várices esofágicas tratamiento,NONE,Ligadura Esofagica,Ligadura Esofagica,6,1,0.1667,68.36,0,
estudio para el estómago,NONE,Endoscopia,Endoscopy - Core,1,2,2,67.82,0,
cirugía cpre,NONE,CPRE,CPRE - Core,2,1,0.5,67.8,0,
como se hace una colonoscopia video,NONE,Colon Max Conversions,Colonoscopy - Core,2,1,0.5,67.76,0,
que es una panendoscopia,NONE,Endoscopia,Endoscopy - Core,37,2,0.0541,67.06,0,
estudios del colon como se llama,NONE,Colonoscopia,Colonoscopy - Core,3,2,0.6667,67.05,0,
en salud digna hacen colonoscopia,NONE,Colonoscopia,Colonoscopy - Core,11,2,0.1818,66.92,0,
jm endoscopia merida,NONE,Endoscopia,Endoscopy - Core,4,2,0.5,66.58,0,
varices del estomago,NONE,Ligadura Esofagica,Ligadura Esofagica,2,1,0.5,65.96,0,
colonoscopia cómo se hace,NONE,Colon Max Conversions,Colonoscopy - Core,2,1,0.5,65.74,0,
cuánto cuesta un estudio de colonoscopia en salud digna,NONE,Colonoscopia,Colonoscopy - Pricing,2,2,1,65.58,0,
endoscopía y colonoscopia,NONE,Colonoscopia,Colonoscopy - Core,3,1,0.3333,65.26,0,
precio endoscopia y colonoscopia,NONE,Endoscopia,Endoscopy Prices,1,1,1,64.87,0,
me van a hacer una colonoscopia,NONE,Colonoscopia,Colonoscopy - Core,1,1,1,64.54,0,
colonoscopia que precio tiene,NONE,Colon Max Conversions,Colonoscopy - Pricing,2,2,1,64.22,0,
cómo es la colonoscopia en mujeres,NONE,Colonoscopia,Colonoscopy - Core,1,2,2,64.2,0,
como se llama cuando te meten una camara por la boca,NONE,Endoscopia,Endoscopy - Core,1,1,1,63.95,0,
colonoscopia procedimiento,NONE,Colonoscopia,Colonoscopy - Core,3,1,0.3333,63.35,0,
endoscopias en salud digna,NONE,Endoscopia,Endoscopy - Core,3,2,0.6667,62.84,1,62.84
colonoscopia chopo precio,NONE,Colonoscopia,Colonoscopy - Pricing,3,1,0.3333,62.76,0,
costo de endoscopia,ADDED,Endoscopia,Endoscopy Prices,22,3,0.1364,62.46,0,
cirugia endoscopica,NONE,Endoscopia,Endoscopy - Core,2,2,1,62.32,0,
ligas hemorroides,NONE,Hemorroides,Hemorroides - Core,2,1,0.5,61.83,0,
para que sirve el estudio de colonoscopia,NONE,Colonoscopia,Colonoscopy - Core,16,1,0.0625,61.61,0,
como es una colonoscopia,NONE,Colon Max Conversions,Colonoscopy - Core,7,1,0.1429,61.42,0,
que es una colonoscopia y para que sirve,NONE,Colon Max Conversions,Colonoscopy - Core,11,2,0.1818,61.24,0,
como es el examen de colonoscopia,NONE,Colonoscopia,Colonoscopy - Core,1,1,1,61.14,0,
cuanto cuesta una colonoscopia en el chopo,NONE,Colonoscopia,Colonoscopy - Pricing,4,2,0.5,61.1,0,
costo de colonoscopia,ADDED,Colonoscopia,Colonoscopy - Pricing,10,2,0.2,61.0,0,
como se hace una endoscopia gastrointestinal,NONE,Endoscopia,Endoscopy - Core,6,2,0.3333,60.82,0,
preparación para endoscopia,NONE,Endoscopia,Endoscopy - Core,3,1,0.3333,60.77,0,
pancolonoscopia que es,NONE,Colonoscopia,Colonoscopy - Core,2,1,0.5,60.34,0,
colonoscopia en merida yucatan,ADDED,Colon Max Conversions,Colonoscopy - Core,5,3,0.6,60.27,3,20.09
precios de endoscopia,NONE,Endoscopia,Endoscopy Prices,6,2,0.3333,60.1,0,
colonoscopia en mujeres,NONE,Colon Max Conversions,Colonoscopy - Core,9,1,0.1111,59.75,0,
cómo se hace una colonoscopia,NONE,Colonoscopia,Colonoscopy - Core,13,1,0.0769,59.71,0,
procedimiento colonoscopia,NONE,Colonoscopia,Colonoscopy - Core,3,1,0.3333,59.68,0,
cómo se hace el estudio de la colonoscopia,NONE,Colonoscopia,Colonoscopy - Core,6,1,0.1667,59.64,0,
cuanto dura la colonoscopia,NONE,Colonoscopia,Colonoscopy - Core,2,1,0.5,59.56,0,
cual es la preparación para una colonoscopia,NONE,Colonoscopia,Colonoscopy - Core,3,1,0.3333,59.46,0,
cuanto dura un estudio de colonoscopia,NONE,Colonoscopia,Colonoscopy - Core,2,1,0.5,58.98,0,
operación de colonoscopia,NONE,Colonoscopia,Colonoscopy - Core,4,1,0.25,58.97,0,
colonoscopia y endoscopia,NONE,Colonoscopia,Colonoscopy - Core,23,2,0.087,58.76,0,
que precio tiene una colonoscopia,NONE,Colonoscopia,Colonoscopy - Pricing,4,1,0.25,58.58,0,
qué es la colonoscopia,NONE,Colonoscopia,Colonoscopy - Core,16,1,0.0625,58.58,0,
que es la colonoscopia y como se realiza,NONE,Colon Max Conversions,Colonoscopy - Core,2,2,1,58.58,0,
que es un colonoscopia,NONE,Colonoscopia,Colonoscopy - Core,2,1,0.5,58.17,0,
panendoscopia donde realizar,NONE,Endoscopia,Endoscopy - Core,3,2,0.6667,58.09,0,
costo de una colonoscopia en mexico,NONE,Colonoscopia,Colonoscopy - Pricing,5,3,0.6,58.03,0,
endoscopia estomago,NONE,Endoscopia,Endoscopy - Core,5,2,0.4,58.03,0,
cómo se llama el estudio para ver el estómago,NONE,Endoscopia,Endoscopy - Core,2,1,0.5,57.97,0,
endoscopia de vias digestivas altas,NONE,Endoscopia,Endoscopy - Core,3,2,0.6667,57.92,0,
endoscopia precio chopo,NONE,Endoscopia,Endoscopy Prices,13,2,0.1538,57.75,0,
endoscopia y colonoscopia,NONE,Endoscopia,Endoscopy - Core,8,1,0.125,57.71,0,
telescopia medica precio,NONE,Endoscopia,Endoscopy Prices,4,2,0.5,57.2,0,
esofagogastroduoendoscopia,NONE,Endoscopia,Endoscopy - Core,4,2,0.5,57.14,0,
cuál es el precio de la endoscopia,NONE,Endoscopia,Endoscopy Prices,3,2,0.6667,56.91,0,
costo colonoscopia chopo,NONE,Colonoscopia,Colonoscopy - Pricing,2,1,0.5,56.81,0,
endoscopia mérida,NONE,Endoscopia,Endoscopy - Core,8,4,0.5,56.54,0.8333,67.84
cuanto cuesta una endoscopia de estomago,NONE,Endoscopia,Endoscopy Prices,5,2,0.4,56.33,0,
precio de una colonoscopia en mexico,NONE,Colonoscopia,Colonoscopy - Pricing,3,2,0.6667,56.12,0,
donde se hace una endoscopia,NONE,Endoscopia,Endoscopy - Core,1,2,2,56.12,0,
polipos colonoscopia,NONE,Colonoscopia,Colonoscopy - Core,2,1,0.5,56.09,0,
para qué sirve una colonoscopia,NONE,Colonoscopia,Colonoscopy - Core,6,1,0.1667,56.07,0,
bandas para hemorroides,NONE,Hemorroides,Hemorroides - Core,2,1,0.5,56.06,0,
colangiopancreatografía retrógrada endoscópica,NONE,CPRE,CPRE - Core,28,2,0.0714,55.96,0,
que precio tiene una endoscopia en salud digna,NONE,Endoscopia,Endoscopy Prices,23,2,0.087,55.64,0,
endoscopia con sedación,NONE,Endoscopia,Endoscopy - Core,2,1,0.5,55.56,1,55.56
para que se hace una colonoscopia,NONE,Colonoscopia,Colonoscopy - Core,3,1,0.3333,55.28,0,
colonoscopia en mexico,NONE,Colonoscopia,Colonoscopy - Pricing,3,2,0.6667,55.08,0,
como se llama el estudio para el colon,NONE,Colonoscopia,Colonoscopy - Core,3,1,0.3333,54.88,0,
cuidados antes de una colonoscopia,NONE,Colonoscopia,Colonoscopy - Core,2,1,0.5,54.76,0,
examen del colon como se llama,NONE,Colonoscopia,Colonoscopy - Core,4,1,0.25,54.35,0,
colonoscopia la diverticulosis es cáncer,NONE,Colonoscopia,Colonoscopy - Core,4,1,0.25,54.34,0,
operación cepre,NONE,CPRE,CPRE - Core,2,1,0.5,54.13,0,
estudio de endoscopia,ADDED,Endoscopia,Endoscopy - Core,11,1,0.0909,53.78,0,
requisitos para endoscopia gastrica,NONE,Endoscopia,Endoscopy - Core,2,1,0.5,53.75,0,
cuanto cuesta colonoscopia,ADDED,Colon Max Conversions,Colonoscopy - Pricing,2,1,0.5,53.72,0,
como se hace el estudio del colon,NONE,Colonoscopia,Colonoscopy - Core,1,1,1,53.67,0,
sigmoidoscopia o colonoscopia,NONE,Colonoscopia,Colonoscopy - Core,2,1,0.5,53.61,0,
cepre endoscopia,NONE,CPRE,CPRE - Core,3,2,0.6667,53.48,0,
ultrasonido endoscopico pancreas,NONE,Endoscopia,Endoscopy - Core,2,1,0.5,53.47,0,
quien hace la colonoscopia,NONE,Colonoscopia,Colonoscopy - Core,10,1,0.1,53.27,0,
operacion de ano por hemorroides,NONE,Hemorroides,Hemorroides - Core,2,1,0.5,52.81,0,
conoscopia,NONE,Colonoscopia,Colonoscopy - Core,6,1,0.1667,52.71,0,
cuánto tiempo tarda una colonoscopia,NONE,Colonoscopia,Colonoscopy - Core,5,1,0.2,52.7,0,
colangiopancreatografía retrógrada endoscópica cpre,NONE,CPRE,CPRE - Core,5,1,0.2,52.48,0,
como es una endoscopia,NONE,Endoscopia,Endoscopy - Core,10,1,0.1,52.48,0.3333,157.44
endoscopia salud digna precio,NONE,Endoscopia,Endoscopy Prices,9,2,0.2222,52.42,0.4989,105.08
colon endoscopia como se hace,NONE,Colonoscopia,Colonoscopy - Core,1,1,1,52.35,0,
precio de estudio endoscopia en salud digna,NONE,Endoscopia,Endoscopy Prices,2,1,0.5,52.34,0,
cuanto sale la endoscopia,NONE,Endoscopia,Endoscopy Prices,2,1,0.5,52.32,0,
como se ase la colonoscopia,NONE,Colonoscopia,Colonoscopy - Core,2,1,0.5,52.04,0,
ligadura de várices esofágicas cuidados,NONE,Ligadura Esofagica,Ligadura Esofagica,2,1,0.5,51.91,0,
costo de la endoscopia,NONE,Endoscopia,Endoscopy Prices,10,2,0.2,51.49,0,
costos de colonoscopia en salud digna,NONE,Colonoscopia,Colonoscopy - Pricing,1,1,1,51.45,0,
ligadura de hemorroides internas,NONE,Hemorroides,Hemorroides - Core,4,1,0.25,51.25,1,51.25
qué significa colonoscopía,NONE,Colonoscopia,Colonoscopy - Core,2,1,0.5,51.17,0,
instituto de colonoscopia,NONE,Colonoscopia,Colonoscopy - Core,3,2,0.6667,51.12,0,
precio de colonoscopia en monterrey,NONE,Colonoscopia,Colonoscopy - Pricing,3,2,0.6667,51.05,0,
colonoscopia chopo,NONE,Colonoscopia,Colonoscopy - Core,9,2,0.2222,50.91,0.3333,152.73
que se detecta con la endoscopia,NONE,Endoscopia,Endoscopy - Core,2,1,0.5,50.9,0,
cuanto tarda una endoscopia,NONE,Endoscopia,Endoscopy - Core,20,1,0.05,50.85,0,
endoscopia diagnóstica y terapéutica,NONE,Endoscopia,Endoscopy - Core,20,2,0.1,50.81,0.25,203.24
preparación colonoscopia,NONE,Colonoscopia,Colonoscopy - Core,3,1,0.3333,50.67,0,
endoscopia sin dolor,NONE,Endoscopia,Endoscopy - Core,1,1,1,50.66,0,
estudio del estómago,NONE,Endoscopia,Endoscopy - Core,5,1,0.2,50.63,0,
cuánto cuesta hacerse una colonoscopia,NONE,Colonoscopia,Colonoscopy - Pricing,2,2,1,50.56,0,
qué cuesta una colonoscopia,NONE,Colon Max Conversions,Colonoscopy - Pricing,1,1,1,50.56,0,
colonoscopia en cancun,NONE,Colonoscopia,Colonoscopy - Core,4,1,0.25,50.26,0,
precio de endoscopia gastrointestinal,NONE,Endoscopia,Endoscopy Prices,2,2,1,50.25,0,
estudio de colonoscopia precio,NONE,Colon Max Conversions,Colonoscopy - Pricing,3,2,0.6667,50.19,1,50.19
cuando es necesario hacerse una colonoscopia,NONE,Colon Max Conversions,Colonoscopy - Core,6,1,0.1667,50.06,0,
endoscopia digestiva superior,NONE,Endoscopia,Endoscopy - Core,2,2,1,49.76,0,
cuanto dura una endoscopia,NONE,Endoscopia,Endoscopy - Core,7,1,0.1429,49.6,0,
endoscopia y colonoscopia es lo mismo,NONE,Colonoscopia,Colonoscopy - Core,5,1,0.2,49.5,0,
colonoscopia virtual salud digna,NONE,Colonoscopia,Colonoscopy - Core,12,1,0.0833,48.67,0,
estudio del colon como se llama,NONE,Colonoscopia,Colonoscopy - Core,13,1,0.0769,48.49,0,
cuánto cuesta una gastroscopia,NONE,Endoscopia,Endoscopy Prices,2,1,0.5,48.48,0,
qué precio tiene una colonoscopia en salud digna,NONE,Colon Max Conversions,Colonoscopy - Pricing,4,1,0.25,48.37,0,
como se hace el estudio de colonoscopia,NONE,Colon Max Conversions,Colonoscopy - Core,2,1,0.5,48.33,0,
cuanto cuesta un endoscopia,NONE,Endoscopia,Endoscopy Prices,2,1,0.5,48.29,0,
esofagogastroduodenoscopia para que sirve,NONE,Endoscopia,Endoscopy - Core,3,1,0.3333,48.19,0,
donde se puede realizar una colonoscopia,NONE,Colonoscopia,Colonoscopy - Core,4,1,0.25,47.98,0,
laboratorios colonoscopia,NONE,Colonoscopia,Colonoscopy - Core,4,1,0.25,47.64,0.333,143.06
endoscopia de colon,NONE,Colonoscopia,Colonoscopy - Core,2,1,0.5,47.55,0,
panendoscopia y colonoscopia es lo mismo,NONE,Colonoscopia,Colonoscopy - Core,2,1,0.5,47.54,0,
como se hace la colonoscopia en hombres,NONE,Colonoscopia,Colonoscopy - Core,2,1,0.5,47.48,0,
costo de una endoscopia gastrica en salud digna,NONE,Endoscopia,Endoscopy Prices,2,2,1,47.3,0,
te sedan para una colonoscopia,NONE,Colonoscopia,Colonoscopy - Core,2,1,0.5,47.26,0,
cepre operacion,NONE,Endoscopia,Endoscopy - Core,3,1,0.3333,47.11,0,
cpre que es,NONE,Endoscopia,Endoscopy - Core,28,1,0.0357,47.08,0,
como pedir una colonoscopia,NONE,Colonoscopia,Colonoscopy - Core,1,1,1,46.98,0,
preparacion para colonoscopia,NONE,Colonoscopia,Colonoscopy - Core,24,1,0.0417,46.82,0,
endoscopia con toma de biopsia precio,NONE,Endoscopia,Endoscopy Prices,6,2,0.3333,46.76,0,
cuanto tarda la endoscopia,NONE,Endoscopia,Endoscopy - Core,3,1,0.3333,46.65,0,
donde me puedo hacer una endoscopia,NONE,Endoscopia,Endoscopy - Core,6,2,0.3333,46.55,1,46.55
varices en la garganta,NONE,Ligadura Esofagica,Ligadura Esofagica,2,1,0.5,46.29,0,
pandoscopia,NONE,Endoscopia,Endoscopy - Core,15,1,0.0667,46.19,0,
cuanto cuesta la endoscopia,NONE,Endoscopia,Endoscopy Prices,12,1,0.0833,46.19,0,
la colonoscopia,NONE,Colonoscopia,Colonoscopy - Core,4,1,0.25,46.06,0,
que se necesita para una colonoscopia,NONE,Colonoscopia,Colonoscopy - Core,6,1,0.1667,46.05,0,
examen endoscopia,NONE,Endoscopia,Endoscopy - Core,3,1,0.3333,46.03,0,
panendoscopia que detecta,NONE,Endoscopia,Endoscopy - Core,4,1,0.25,45.95,0,
cuanto cuesta una endoscopia en el chopo,NONE,Endoscopia,Endoscopy Prices,1,2,2,45.82,0.6667,68.73
requisitos para endoscopia,NONE,Endoscopia,Endoscopy - Core,4,1,0.25,45.79,1,45.79
cuanto tiempo dura la colonoscopia,NONE,Colonoscopia,Colonoscopy - Core,2,1,0.5,45.72,0,
serie esofagogastroduodenal precio chopo,NONE,Endoscopia,Endoscopy Prices,5,1,0.2,45.45,0,
donde hacer colonoscopia,NONE,Colonoscopia,Colonoscopy - Core,4,2,0.5,45.28,1,45.28
la endoscopia se hace en ayunas,NONE,Endoscopia,Endoscopy - Core,3,1,0.3333,45.17,0,
para que sirve endoscopia,NONE,Endoscopia,Endoscopy - Core,1,1,1,45.16,0,
que es la panendoscopia,NONE,Endoscopia,Endoscopy - Core,24,1,0.0417,45.07,0,
endoscopia cuantas horas de ayuno,NONE,Endoscopia,Endoscopy - Core,3,1,0.3333,44.77,0,
especialista en colonoscopia,NONE,Colonoscopia,Colonoscopy - Core,1,1,1,44.68,0,
como es el procedimiento de una colonoscopia,NONE,Colonoscopia,Colonoscopy - Core,4,1,0.25,44.6,0,
como se realiza una panendoscopia,NONE,Endoscopia,Endoscopy - Core,2,1,0.5,44.41,0,
cómo es el estudio de colonoscopia,NONE,Colonoscopia,Colonoscopy - Core,1,1,1,44.12,0,
precios de colonoscopia,NONE,Colonoscopia,Colonoscopy - Pricing,3,3,1,44.07,0,
es peligroso la colonoscopia,NONE,Colon Max Conversions,Colonoscopy - Core,2,1,0.5,44.03,0,
que es una endoscopia digestiva,NONE,Endoscopia,Endoscopy - Core,19,1,0.0526,43.88,0,
precio de un endoscopia,NONE,Endoscopia,Endoscopy Prices,2,1,0.5,43.88,0,
examen del colon en mujeres,NONE,Colonoscopia,Colonoscopy - Core,11,1,0.0909,43.71,0,
precio de una colonoscopia en chopo,NONE,Colonoscopia,Colonoscopy - Pricing,3,1,0.3333,43.33,0,
dr luis fernando peniche gallareta,NONE,Endoscopia,Endoscopy - Core,6,1,0.1667,43.28,0,
por donde te hacen la colonoscopia,NONE,Colonoscopia,Colonoscopy - Core,2,1,0.5,43.16,0,
cuanto cuesta hacer una colonoscopia,NONE,Colon Max Conversions,Colonoscopy - Pricing,1,1,1,43.09,0,
en salud digna hacen el estudio de colonoscopia,NONE,Colonoscopia,Colonoscopy - Core,6,3,0.5,42.97,1,42.97
que precio tiene la endoscopia,NONE,Endoscopia,Endoscopy Prices,3,1,0.3333,42.95,0,
cuanto cuesta una endoscopia gastrica,NONE,Endoscopia,Endoscopy Prices,4,2,0.5,42.94,0,
cuánto tarda la endoscopia,NONE,Endoscopia,Endoscopy - Core,4,1,0.25,42.89,0,
almorranas operacion,NONE,Hemorroides,Hemorroides - Core,2,2,1,42.88,0,
que es el cepre,NONE,Endoscopia,Endoscopy - Core,2,1,0.5,42.86,0,
cuánto tiempo dura una colonoscopia,NONE,Colonoscopia,Colonoscopy - Core,3,1,0.3333,42.73,0,
colonoscopia donde se realiza,NONE,Colonoscopia,Colonoscopy - Core,3,1,0.3333,42.72,0,
como se hace la endoscopia,NONE,Endoscopia,Endoscopy - Core,8,1,0.125,42.69,0,
tiempo de duración de una colonoscopia,NONE,Colonoscopia,Colonoscopy - Core,2,1,0.5,42.68,0,
cuanto dura una colonoscopia con sedación,NONE,Colonoscopia,Colonoscopy - Core,7,1,0.1429,42.55,0,
gastroscopia,NONE,Endoscopia,Endoscopy - Core,30,1,0.0333,42.52,0,
endoscopia hospital angeles,NONE,Endoscopia,Endoscopy - Core,2,1,0.5,42.33,0,
biopsia endoscopia,NONE,Endoscopia,Endoscopy - Core,10,1,0.1,42.26,0,
precio de colonoscopia en chopo,NONE,Colonoscopia,Colonoscopy - Pricing,3,2,0.6667,42.06,0,
en qué consiste la colonoscopia,NONE,Colonoscopia,Colonoscopy - Core,4,1,0.25,42.04,0,
precio de colonoscopia en similares,NONE,Colonoscopia,Colonoscopy - Pricing,10,1,0.1,41.82,0,
endoscopia salud digna precios,NONE,Endoscopia,Endoscopy Prices,3,2,0.6667,41.79,0,
panendoscopía,NONE,Endoscopia,Endoscopy - Core,5,1,0.2,41.6,0,
cuando se hace la colonoscopia,NONE,Colonoscopia,Colonoscopy - Core,2,1,0.5,41.45,0,
colonoscopia y endoscopia precio,NONE,Colonoscopia,Colonoscopy - Pricing,7,1,0.1429,41.43,0,
colonoscopia costo salud digna,NONE,Colonoscopia,Colonoscopy - Pricing,2,1,0.5,41.18,0,
valor de una colonoscopia,NONE,Colonoscopia,Colonoscopy - Pricing,2,1,0.5,41.15,0,
colonoscopia con argon plasma,NONE,Colonoscopia,Colonoscopy - Core,2,1,0.5,41.1,0,
que es la colonoscopia y para que sirve,NONE,Colonoscopia,Colonoscopy - Core,6,1,0.1667,41.01,0,
endoscopia gastroduodenal,NONE,Endoscopia,Endoscopy - Core,2,1,0.5,40.99,0,
endoscopia precios,NONE,Endoscopia,Endoscopy Prices,10,2,0.2,40.99,1,40.99
en que consiste una endoscopia digestiva,NONE,Endoscopia,Endoscopy - Core,2,1,0.5,40.96,0,
cuanto cuesta un colonoscopia,NONE,Colonoscopia,Colonoscopy - Pricing,2,1,0.5,40.94,0,
endoscopia alta y baja,NONE,Endoscopia,Endoscopy - Core,2,1,0.5,40.79,0,
cuanto cuesta una capsula endoscopica,NONE,Endoscopia,Endoscopy Prices,1,1,1,40.74,0,
cuanto cuesta una gastroscopia,NONE,Endoscopia,Endoscopy Prices,1,1,1,40.58,0,
cuanto cobran por una endoscopia,NONE,Endoscopia,Endoscopy Prices,2,1,0.5,40.49,0,
endoscopia con ligadura,NONE,Ligadura Esofagica,Ligadura Esofagica,2,1,0.5,40.44,0,
estudios de colonoscopia en salud digna,NONE,Colonoscopia,Colonoscopy - Core,2,2,1,40.39,0,
hacen colonoscopia en el imss,NONE,Colonoscopia,Colonoscopy - Core,1,1,1,40.19,0,
precio de examen colonoscopia,NONE,Colonoscopia,Colonoscopy - Pricing,1,1,1,40.04,0,
cómo se hace el colonoscopia,NONE,Colonoscopia,Colonoscopy - Core,2,1,0.5,39.97,0,
esófago gastro duodenoscopia,NONE,Endoscopia,Endoscopy - Core,2,1,0.5,39.94,0,
dónde hacer una colonoscopia,NONE,Colonoscopia,Colonoscopy - Core,1,1,1,39.85,0,
que tan riesgosa es una colonoscopia,NONE,Colonoscopia,Colonoscopy - Core,1,1,1,39.72,0,
endoscopia precio cdmx,NONE,Endoscopia,Endoscopy Prices,2,1,0.5,39.72,0,
lugares donde se hacen endoscopia,NONE,Endoscopia,Endoscopy - Core,2,2,1,39.57,0,
colonoscopia cerca de mi,NONE,Colonoscopia,Colonoscopy - Core,4,2,0.5,39.49,0,
precios de la endoscopia,NONE,Endoscopia,Endoscopy Prices,3,1,0.3333,39.46,0,
endoscopia precio villahermosa,NONE,Endoscopia,Endoscopy Prices,3,1,0.3333,39.25,0,
qué costo tiene una endoscopia,NONE,Endoscopia,Endoscopy Prices,2,2,1,39.1,0,
estudio para el estomago con camara,NONE,Endoscopia,Endoscopy - Core,1,1,1,39.07,0,
como es la endoscopia al estomago,NONE,Endoscopia,Endoscopy - Core,2,1,0.5,38.97,0,
cápsula endoscópica,NONE,Endoscopia,Endoscopy - Core,2,1,0.5,38.93,0,
doctor para colonoscopia,NONE,Colonoscopia,Colonoscopy - Core,3,1,0.3333,38.88,0,
endoscopia chopo precio,NONE,Endoscopia,Endoscopy Prices,2,1,0.5,38.77,0,
chopo endoscopia costo,NONE,Endoscopia,Endoscopy Prices,3,1,0.3333,38.51,0,
endoscopias,NONE,Endoscopia,Endoscopy - Core,17,1,0.0588,38.46,0,
una colonoscopia,NONE,Colonoscopia,Colonoscopy - Core,3,1,0.3333,38.42,0,
duodenoscopia,NONE,Endoscopia,Endoscopy - Core,2,1,0.5,38.31,0,
gastroscopia salud digna,NONE,Endoscopia,Endoscopy - Core,4,1,0.25,38.27,0,
ligadura con banda elástica,NONE,Hemorroides,Hemorroides - Core,2,1,0.5,38.24,0,
como se llama el estudio del estomago con camara,NONE,Endoscopia,Endoscopy - Core,8,1,0.125,38.22,0,
endoscopia laringea precio,NONE,Endoscopia,Endoscopy Prices,6,1,0.1667,38.2,0,
cómo se realiza una endoscopia con biopsia,NONE,Endoscopia,Endoscopy - Core,2,1,0.5,38.05,0,
para qué sirve la colonoscopia,NONE,Colonoscopia,Colonoscopy - Core,13,1,0.0769,37.99,0,
ultrasonido endoscopico con toma de biopsia,NONE,Endoscopia,Endoscopy - Core,2,1,0.5,37.95,0.5,75.9
como se hace endoscopia,NONE,Endoscopia,Endoscopy - Core,1,1,1,37.82,0,
precio colonoscopia en salud digna,NONE,Colonoscopia,Colonoscopy - Pricing,3,1,0.3333,37.75,0,
como hacen la endoscopia en el estomago,NONE,Endoscopia,Endoscopy - Core,2,1,0.5,37.71,0,
precio de endoscopia en laboratorio chopo,NONE,Endoscopia,Endoscopy Prices,4,2,0.5,37.7,0,
colonoscopia cuánto dura,NONE,Colonoscopia,Colonoscopy - Core,2,1,0.5,37.69,0,
qué es la endoscopia y para qué sirve,NONE,Endoscopia,Endoscopy - Core,5,1,0.2,37.58,0,
para que se hace una endoscopia,NONE,Endoscopia,Endoscopy - Core,4,1,0.25,37.47,0,
que se ve en la endoscopia,NONE,Endoscopia,Endoscopy - Core,2,1,0.5,37.45,0,
cuánto cuesta la colonoscopia,NONE,Colonoscopia,Colonoscopy - Pricing,3,2,0.6667,37.38,0,
colonoscopia imss precio,NONE,Colonoscopia,Colonoscopy - Pricing,4,1,0.25,37.31,0,
estudio de estomago con camara,NONE,Endoscopia,Endoscopy - Core,1,1,1,37.27,0,
estudio del estomago con camara,NONE,Endoscopia,Endoscopy - Core,6,1,0.1667,37.26,0,
que vale una endoscopia,NONE,Endoscopia,Endoscopy Prices,1,1,1,37.15,0,
con qué dispositivo el médico puede ver las profundidades de tus intestinos o de tu esófago,NONE,Endoscopia,Endoscopy - Core,4,1,0.25,36.99,0,
qué es endoscopía,NONE,Endoscopia,Endoscopy - Core,2,1,0.5,36.95,0,
cuanto tiempo tarda una endoscopia digestiva,NONE,Endoscopia,Endoscopy - Core,2,1,0.5,36.86,0,
estudio para el estomago,NONE,Endoscopia,Endoscopy - Core,8,1,0.125,36.86,0,
panescopia,NONE,Endoscopia,Endoscopy - Core,5,1,0.2,36.85,0,
endoscopia en villahermosa tabasco,NONE,Endoscopia,Endoscopy - Core,1,1,1,36.84,0,
coloscopia,NONE,Colonoscopia,Colonoscopy - Core,6,1,0.1667,36.81,0,
laboratorio de endoscopia,NONE,Endoscopia,Endoscopy - Core,2,1,0.5,36.62,0,
endoscopia con capsula precio,NONE,Endoscopia,Endoscopy Prices,1,1,1,36.61,0,
cirugía hemorroides,NONE,Hemorroides,Hemorroides - Core,13,1,0.0769,36.54,0,
endoscopia gastrointestinal precio,NONE,Endoscopia,Endoscopy Prices,8,1,0.125,36.41,0,
estudio de colonoscopia precio,NONE,Colonoscopia,Colonoscopy - Pricing,5,2,0.4,36.3,1,36.3
endoscopia procedimiento,NONE,Endoscopia,Endoscopy - Core,8,1,0.125,36.19,0,
que sale en una endoscopia,NONE,Endoscopia,Endoscopy - Core,1,1,1,36.06,0,
estudio del colon,NONE,Colon Max Conversions,Colonoscopy - Core,2,1,0.5,36.03,0,
médico colonoscopia,NONE,Colonoscopia,Colonoscopy - Core,3,1,0.3333,35.86,0,
endoscopia alta,NONE,Endoscopia,Endoscopy - Core,11,1,0.0909,35.71,0,
precio aproximado de una colonoscopia,NONE,Colonoscopia,Colonoscopy - Pricing,2,1,0.5,35.67,0,
tipos de endoscopia digestiva,NONE,Endoscopia,Endoscopy - Core,3,1,0.3333,35.57,0,
second look endoscopia,NONE,Endoscopia,Endoscopy - Core,1,1,1,35.53,0,
precio coloscopia,NONE,Colonoscopia,Colonoscopy - Pricing,7,1,0.1429,35.46,1,35.46
hemorroides operacion,NONE,Hemorroides,Hemorroides - Core,12,1,0.0833,35.45,0,
colposcopia rectal,NONE,Colonoscopia,Colonoscopy - Core,2,1,0.5,35.44,0,
en una endoscopia que se puede ver,NONE,Endoscopia,Endoscopy - Core,2,1,0.5,35.35,0,
que se necesita para hacer una colonoscopia,NONE,Colonoscopia,Colonoscopy - Core,3,1,0.3333,35.27,0,
cuanto cuesta una endoscopia en mexico,NONE,Endoscopia,Endoscopy Prices,2,2,1,35.26,0,
para qué sirve una endoscopia,NONE,Endoscopia,Endoscopy - Core,4,1,0.25,35.19,0,
que es escopia,NONE,Endoscopia,Endoscopy - Core,6,1,0.1667,35.15,0,
como se llama el estudio que te meten una camarita,NONE,Endoscopia,Endoscopy - Core,2,1,0.5,35.03,0,
gastroenterología endoscopia,NONE,Endoscopia,Endoscopy - Core,2,1,0.5,34.91,0,
cuanto cuesta endoscopia,ADDED,Endoscopia,Endoscopy Prices,3,1,0.3333,34.87,0,
costo panendoscopia,NONE,Endoscopia,Endoscopy Prices,2,1,0.5,34.75,0,
cuanto cuesta la endoscopia gastrica,NONE,Endoscopia,Endoscopy Prices,2,1,0.5,34.72,0,
donde se hacen endoscopias,NONE,Endoscopia,Endoscopy - Core,3,1,0.3333,34.61,0,
endoscopia para que sirve,NONE,Endoscopia,Endoscopy - Core,26,1,0.0385,34.44,0,
cuanto cuesta un estudio de endoscopia,NONE,Endoscopia,Endoscopy Prices,2,1,0.5,34.43,0,
colonoscopia cuanto dura,NONE,Colonoscopia,Colonoscopy - Core,1,1,1,34.43,0,
endoscopia de hernia hiatal,NONE,Endoscopia,Endoscopy - Core,6,1,0.1667,34.35,0,
colonoscopia precio mérida,NONE,Colon Max Conversions,Colonoscopy - Pricing,1,1,1,34.24,0,
que precio tiene la endoscopia en salud digna,NONE,Endoscopia,Endoscopy Prices,2,1,0.5,34.22,0,
cómo se realiza una endoscopia,NONE,Endoscopia,Endoscopy - Core,15,1,0.0667,34.08,0,
endoscopia cuanto cuesta,NONE,Endoscopia,Endoscopy Prices,6,1,0.1667,33.98,0,
endoscopia en salud digna precio,NONE,Endoscopia,Endoscopy Prices,9,1,0.1111,33.88,0,
precio de colonoscopia en salud digna,NONE,Colon Max Conversions,Colonoscopy - Pricing,1,1,1,33.81,0,
cómo es la endoscopia,NONE,Endoscopia,Endoscopy - Core,11,1,0.0909,33.67,0,
quien hace una colonoscopia,NONE,Colon Max Conversions,Colonoscopy - Core,2,1,0.5,33.61,0,
estudio del estomago,NONE,Endoscopia,Endoscopy - Core,14,1,0.0714,33.6,0,
donde se realiza una endoscopia,NONE,Endoscopia,Endoscopy - Core,7,1,0.1429,33.57,0,
costo de colonoscopia en salud digna,NONE,Colonoscopia,Colonoscopy - Pricing,10,2,0.2,33.45,0,
endoscopia cdmx precio,NONE,Endoscopia,Endoscopy Prices,1,1,1,33.41,0,
precio colonoscopia,ADDED,Colon Max Conversions,Colonoscopy - Pricing,3,1,0.3333,33.39,0,
biopsia endoscopia precio,NONE,Endoscopia,Endoscopy Prices,2,1,0.5,33.38,0,
operacion de los hemorroides,NONE,Hemorroides,Hemorroides - Core,1,1,1,33.23,0,
cuanto cuesta endoscopia en salud digna,NONE,Endoscopia,Endoscopy Prices,1,1,1,33.1,0,
cuánto vale una endoscopia con biopsia,NONE,Endoscopia,Endoscopy Prices,1,1,1,33.01,0,
extracción endoscópica,NONE,Endoscopia,Endoscopy - Core,2,1,0.5,32.98,0,
estudio de endoscopia precio,NONE,Endoscopia,Endoscopy Prices,4,2,0.5,32.96,0,
endoscopia digestiva superior precio,NONE,Endoscopia,Endoscopy Prices,2,1,0.5,32.85,2,16.43
endoscopía digestiva,NONE,Endoscopia,Endoscopy - Core,3,1,0.3333,32.7,0,
endoscopia precio salud digna,NONE,Endoscopia,Endoscopy Prices,6,1,0.1667,32.46,0,
cpre diagnostico,NONE,CPRE,CPRE - Core,1,1,1,32.38,0,
centro de colonoscopia y endoscopia,NONE,Endoscopia,Endoscopy - Core,3,1,0.3333,32.36,0,
endoscopia de ulcera gastrica,NONE,Endoscopia,Endoscopy - Core,1,1,1,32.3,0,
colonoscopia requisitos,NONE,Colonoscopia,Colonoscopy - Core,1,1,1,32.3,0,
precio colonoscopia chopo,NONE,Colon Max Conversions,Colonoscopy - Pricing,2,1,0.5,32.2,0,
precio de la endoscopia digestiva,NONE,Endoscopia,Endoscopy Prices,1,1,1,32.1,0,
argón plasma en endoscopia,NONE,Endoscopia,Endoscopy - Core,2,1,0.5,32.09,0,
cuánto sale una endoscopia en salud digna,NONE,Endoscopia,Endoscopy Prices,3,1,0.3333,32.06,0,
precio de endoscopia y colonoscopia en salud digna,NONE,Endoscopia,Endoscopy Prices,3,1,0.3333,31.68,0,
salud digna endoscopia digestiva,NONE,Endoscopia,Endoscopy - Core,3,1,0.3333,31.56,0,
donde se hace la endoscopia,NONE,Endoscopia,Endoscopy - Core,6,1,0.1667,31.55,0,
cirugia endoscópica nasal,NONE,Endoscopia,Endoscopy - Core,1,1,1,31.48,0,
clínicas para fazer colonoscopia,NONE,Colonoscopia,Colonoscopy - Core,1,2,2,31.46,1,31.46
en donde me puedo realizar una endoscopia,NONE,Endoscopia,Endoscopy - Core,5,1,0.2,31.24,0,
examen del colon en mujeres precio,NONE,Colonoscopia,Colonoscopy - Pricing,2,2,1,31.22,0,
videoendoscopia chopo,NONE,Endoscopia,Endoscopy - Core,1,1,1,31.03,0,
endoscopia precio en mexico,NONE,Endoscopia,Endoscopy Prices,2,1,0.5,31.03,0,
panendoscopia con biopsia,NONE,Endoscopia,Endoscopy - Core,6,1,0.1667,30.95,0,
quien hace una colonoscopia,NONE,Colonoscopia,Colonoscopy - Core,5,1,0.2,30.77,0,
ultrasonido endoscópico precio,NONE,Endoscopia,Endoscopy Prices,2,1,0.5,30.66,0,
estudio que se hace por el recto,NONE,Colonoscopia,Colonoscopy - Core,3,1,0.3333,30.62,0,
centro de endoscopia cerca de mi,NONE,Endoscopia,Endoscopy - Core,4,2,0.5,30.19,0,
cómo se llama el estudio del estómago,NONE,Endoscopia,Endoscopy - Core,2,1,0.5,30.15,0,
costo de la endoscopia gastrointestinal,NONE,Endoscopia,Endoscopy Prices,1,1,1,30.08,0,
cpr endoscopica,NONE,CPRE,CPRE - Core,2,1,0.5,29.98,0,
cómo se realiza una endoscopia gastrointestinal,NONE,Endoscopia,Endoscopy - Core,2,1,0.5,29.9,0,
que precio tiene una colonoscopia en chopo,NONE,Colon Max Conversions,Colonoscopy - Pricing,2,1,0.5,29.81,0,
panendoscopia con biopsia precio,NONE,Endoscopia,Endoscopy Prices,2,1,0.5,29.79,0,
rotura de varices esofagicas,NONE,Ligadura Esofagica,Ligadura Esofagica,2,1,0.5,29.67,0,
colonoscopia nuevo metodo no invasivo,NONE,Colonoscopia,Colonoscopy - Core,1,1,1,29.48,0,
cema endoscopia,NONE,Endoscopia,Endoscopy - Core,3,1,0.3333,29.46,0,
para que sirve la colonoscopia en mujeres,NONE,Colonoscopia,Colonoscopy - Core,1,1,1,29.41,0,
cuanto sale un endoscopia,NONE,Endoscopia,Endoscopy Prices,1,1,1,29.33,0,
cómo se hace la colonoscopia,NONE,Colonoscopia,Colonoscopy - Core,10,1,0.1,29.23,0,
cirugia hemorroidal,NONE,Hemorroides,Hemorroides - Core,2,1,0.5,29.21,0,
endoscopía gastrointestinal,NONE,Endoscopia,Endoscopy - Core,12,1,0.0833,28.68,0,
endoscopia para sacar piedras de la vesicula,NONE,Endoscopia,Endoscopy - Core,2,1,0.5,28.49,0,
colonoscopia precio en salud digna,NONE,Colonoscopia,Colonoscopy - Pricing,3,1,0.3333,28.39,1,28.39
laboratorios donde hagan colonoscopia,NONE,Colon Max Conversions,Colonoscopy - Core,2,1,0.5,28.14,0,
especialistas en colonoscopia,NONE,Colonoscopia,Colonoscopy - Core,3,1,0.3333,28.12,0,
precio de una endoscopia en méxico,NONE,Endoscopia,Endoscopy Prices,2,1,0.5,28.12,0,
estudio estomago,NONE,Endoscopia,Endoscopy - Core,1,1,1,27.93,0,
colonoscopia en que consiste,NONE,Colon Max Conversions,Colonoscopy - Core,4,2,0.5,27.83,0,
panendoscopia precio salud digna,NONE,Endoscopia,Endoscopy Prices,3,1,0.3333,27.83,0,
preparacion para la colonoscopia con sedacion,NONE,Colonoscopia,Colonoscopy - Core,1,1,1,27.71,0.5,55.42
estudio colonoscopia,NONE,Colonoscopia,Colonoscopy - Core,5,1,0.2,27.64,0,
capsula endoscopica,NONE,Endoscopia,Endoscopy - Core,5,1,0.2,27.53,0,
precio de una colonoscopia,NONE,Colon Max Conversions,Colonoscopy - Pricing,4,1,0.25,27.52,0,
cuanto cuesta una colonoscopia,ADDED,Colon Max Conversions,Colonoscopy - Pricing,5,3,0.6,27.47,0,
como se llama el estudio donde te meten una camara por la boca,NONE,Endoscopia,Endoscopy - Core,3,1,0.3333,27.4,0,
en que consiste una colonoscopia total,NONE,Colonoscopia,Colonoscopy - Core,1,2,2,27.34,0,
precio de la colonoscopia,NONE,Colon Max Conversions,Colonoscopy - Pricing,5,1,0.2,27.31,0,
gastro endoscopia,NONE,Endoscopia,Endoscopy - Core,2,1,0.5,26.94,0,
en cuanto sale una endoscopia,NONE,Endoscopia,Endoscopy Prices,4,1,0.25,26.64,0,
ligadura hemorroidal,NONE,Hemorroides,Hemorroides - Core,4,1,0.25,26.48,0,
colonoscopia virtual precio salud digna,NONE,Colonoscopia,Colonoscopy - Pricing,1,1,1,26.32,0,
estudio de panendoscopia,NONE,Endoscopia,Endoscopy - Core,3,1,0.3333,26.25,0,
costo de endoscopia en el chopo,NONE,Endoscopia,Endoscopy Prices,2,2,1,26.24,0.8,32.8
estudios para ver el colon,NONE,Colonoscopia,Colonoscopy - Core,1,1,1,26.17,0,
cirugía para hemorroides,NONE,Hemorroides,Hemorroides - Core,2,1,0.5,26.17,0,
precio de una endoscopia en el chopo,NONE,Endoscopia,Endoscopy Prices,2,1,0.5,26.03,0,
colonoscopia precios,NONE,Colon Max Conversions,Colonoscopy - Pricing,7,1,0.1429,25.97,0,
como es el estudio de la colonoscopia,NONE,Colonoscopia,Colonoscopy - Core,3,1,0.3333,25.95,0,
en cuanto sale una endoscopia en salud digna,NONE,Endoscopia,Endoscopy Prices,2,1,0.5,25.77,0,
endoscopia precio similares,NONE,Endoscopia,Endoscopy Prices,13,1,0.0769,25.75,0,
como es la colonoscopia con sedacion,NONE,Colonoscopia,Colonoscopy - Core,2,1,0.5,25.38,0,
que es colonoscopía,NONE,Colonoscopia,Colonoscopy - Core,4,1,0.25,25.21,0,
donde realizar una colonoscopia,NONE,Colonoscopia,Colonoscopy - Core,2,1,0.5,25.14,0,
para que sirve la endoscopia digestiva alta,NONE,Endoscopia,Endoscopy - Core,2,1,0.5,25.06,0,
endoscopia donde hacerla,NONE,Endoscopia,Endoscopy - Core,6,1,0.1667,24.74,0,
costo de una endoscopia en mérida yucatán,NONE,Endoscopia,Endoscopy Prices,6,2,0.3333,24.72,0,
que anestesia se usa para una colonoscopia,NONE,Colonoscopia,Colonoscopy - Core,2,1,0.5,24.7,0,
cuánto cuesta un estudio de endoscopia,NONE,Endoscopia,Endoscopy Prices,2,1,0.5,24.62,0,
endoscopia precios salud digna,NONE,Endoscopia,Endoscopy Prices,2,1,0.5,24.62,0,
cuanto cuesta un estudio de colonoscopia,NONE,Colonoscopia,Colonoscopy - Pricing,4,2,0.5,24.57,0,
costo de endoscopia en hospital de la solidaridad,NONE,Endoscopia,Endoscopy Prices,1,2,2,24.48,1,24.48
cuanto dura una colonoscopia,NONE,Colonoscopia,Colonoscopy - Core,12,1,0.0833,24.27,0,
cómo es una endoscopia,NONE,Endoscopia,Endoscopy - Core,5,1,0.2,24.26,0,
colonoscopía,NONE,Colonoscopia,Colonoscopy - Core,17,1,0.0588,24.07,0,
operación por hemorroides,NONE,Hemorroides,Hemorroides - Core,2,1,0.5,24.07,0,
endoscopía precio salud digna,NONE,Endoscopia,Endoscopy Prices,9,1,0.1111,23.8,0,
precios colonoscopia,NONE,Colonoscopia,Colonoscopy - Pricing,1,1,1,23.64,0,
endoscopia villahermosa,NONE,Endoscopia,Endoscopy - Core,4,1,0.25,23.39,1,23.39
cuanto vale una endoscopia en salud digna,NONE,Endoscopia,Endoscopy Prices,2,1,0.5,23.23,0,
que es una endoscopia y cuanto cuesta,NONE,Endoscopia,Endoscopy Prices,2,1,0.5,23.2,0,
centro de colonoscopia y endoscopia,NONE,Colonoscopia,Colonoscopy - Core,2,1,0.5,23.18,0,
endoscopia rectal,NONE,Endoscopia,Endoscopy - Core,13,1,0.0769,22.82,0,
chopo endoscopia,NONE,Endoscopia,Endoscopy - Core,10,1,0.1,22.72,0,
cuánto cuesta la colonoscopia en salud digna,NONE,Colon Max Conversions,Colonoscopy - Pricing,1,1,1,22.62,0,
dr rené reyes vázquez gastroenterólogo endoscopista mérida,NONE,Endoscopia,Endoscopy - Core,28,1,0.0357,22.49,0,
que especialista hace la colonoscopia,NONE,Colon Max Conversions,Colonoscopy - Core,2,1,0.5,22.38,0,
varices estomacales tratamiento,NONE,Ligadura Esofagica,Ligadura Esofagica,2,1,0.5,22.36,1,22.36
colonoscopia valor,NONE,Colonoscopia,Colonoscopy - Pricing,2,1,0.5,22.32,0,
endoscopia ulcera gastrica,NONE,Endoscopia,Endoscopy - Core,1,1,1,22.3,0,
que cuesta la endoscopia,NONE,Endoscopia,Endoscopy Prices,1,1,1,22.19,0,
hay endoscopia en salud digna,NONE,Endoscopia,Endoscopy - Core,7,1,0.1429,22.03,0,
procedimiento colonoscopia en mujeres,NONE,Colonoscopia,Colonoscopy - Core,1,1,1,21.97,0,
precio de una endoscopia en chopo,NONE,Endoscopia,Endoscopy Prices,1,1,1,21.93,0,
colonoscopia con biopsia,NONE,Colonoscopia,Colonoscopy - Core,11,1,0.0909,21.58,0,
cuánto cuesta una endoscopia en el chopo,NONE,Endoscopia,Endoscopy Prices,2,1,0.5,21.58,0,
endoscopia de tubo digestivo alto,NONE,Endoscopia,Endoscopy - Core,10,1,0.1,21.56,0,
duración de colonoscopia,NONE,Colonoscopia,Colonoscopy - Core,1,1,1,21.43,0,
cuánto tarda un estudio de colonoscopia,NONE,Colon Max Conversions,Colonoscopy - Core,4,1,0.25,21.23,0,
endoscopia a domicilio,NONE,Endoscopia,Endoscopy - Core,5,1,0.2,21.14,0,
endoscopia pediátrica precio,NONE,Endoscopia,Endoscopy Prices,4,1,0.25,21.01,0,
endoscopia gastrointestinal como se hace,NONE,Endoscopia,Endoscopy - Core,2,1,0.5,20.95,0,
cuanto cuesta una endoscopia en similares,NONE,Endoscopia,Endoscopy Prices,1,1,1,20.62,0,
que precio tiene la colonoscopia,NONE,Colonoscopia,Colonoscopy - Pricing,3,1,0.3333,20.51,0,
quien hace la endoscopia,NONE,Endoscopia,Endoscopy - Core,2,1,0.5,20.45,0,
requisitos para colonoscopia,NONE,Colonoscopia,Colonoscopy - Core,2,1,0.5,20.44,0,
quien realiza la colonoscopia,NONE,Colonoscopia,Colonoscopy - Core,4,1,0.25,20.39,0,
colonoscopia clinica santa maria,NONE,Colonoscopia,Colonoscopy - Core,2,1,0.5,20.33,0,
endoscopia inferior y superior,NONE,Endoscopia,Endoscopy - Core,1,1,1,20.08,0,
endoscopia con ligadura de varices precio,NONE,Ligadura Esofagica,Ligadura Esofagica,1,1,1,20.06,0,
donde hacen endoscopia particular,NONE,Endoscopia,Endoscopy - Core,1,1,1,19.97,0,
clinica de endoscopia,NONE,Endoscopia,Endoscopy - Core,11,1,0.0909,19.9,0,
estudio de colonoscopia en salud digna,NONE,Colonoscopia,Colonoscopy - Core,4,1,0.25,19.66,0,
donde se hace colonoscopia,NONE,Colonoscopia,Colonoscopy - Core,3,1,0.3333,19.6,0,
estudio colonoscopia,NONE,Colon Max Conversions,Colonoscopy - Core,2,2,1,19.44,0,
en cuanto sale la endoscopia,NONE,Endoscopia,Endoscopy Prices,2,1,0.5,19.34,0,
colonoscopias precios,NONE,Colonoscopia,Colonoscopy - Pricing,2,1,0.5,19.06,1,19.06
endoscopia cpre precio,NONE,Endoscopia,Endoscopy Prices,1,1,1,18.98,0,
en salud digna hacen la colonoscopia,NONE,Colonoscopia,Colonoscopy - Core,2,1,0.5,18.71,0,
colonoscopia costo salud digna,NONE,Colon Max Conversions,Colonoscopy - Pricing,2,1,0.5,18.63,0,
procedimiento cpres,NONE,CPRE,CPRE - Core,2,1,0.5,18.59,0,
santa maria endoscopia,NONE,Endoscopia,Endoscopy - Core,1,1,1,18.38,0,
qué precio tiene la endoscopia,NONE,Endoscopia,Endoscopy Prices,6,2,0.3333,18.28,0,
precio de ligadura de hemorroides,NONE,Hemorroides,Hemorroides - Core,4,1,0.25,18.25,0,
como se llama estudio del estomago,NONE,Endoscopia,Endoscopy - Core,2,1,0.5,17.82,1,17.82
valor de una endoscopia,NONE,Endoscopia,Endoscopy Prices,1,1,1,17.8,0,
dónde me puedo hacer una endoscopia,NONE,Endoscopia,Endoscopy - Core,3,1,0.3333,17.6,0,
una endoscopia cuanto cuesta,NONE,Endoscopia,Endoscopy Prices,1,1,1,17.5,1,17.5
cuanto cuesta la colonoscopia,NONE,Colonoscopia,Colonoscopy - Pricing,4,1,0.25,17.04,0,
costo de endoscopia y colonoscopia,NONE,Colonoscopia,Colonoscopy - Pricing,4,1,0.25,16.48,0,
colonoscopia precio salud digna,NONE,Colon Max Conversions,Colonoscopy - Pricing,4,1,0.25,16.25,0,
centros de endoscopia,NONE,Endoscopia,Endoscopy - Core,3,1,0.3333,16.15,0,
cuanto tiempo tarda una colonoscopia,NONE,Colonoscopia,Colonoscopy - Core,5,1,0.2,16.04,0,
donde se hace una colonoscopia,NONE,Colon Max Conversions,Colonoscopy - Core,2,1,0.5,15.74,0,
clinicas que realizan endoscopia,NONE,Endoscopia,Endoscopy - Core,2,1,0.5,15.71,0,
costo de la colonoscopia en salud digna,NONE,Colonoscopia,Colonoscopy - Pricing,1,1,1,15.55,0,
colonosc,NONE,Colonoscopia,Colonoscopy - Core,1,1,1,15.29,1,15.29
colonoscopia con sedación,NONE,Colonoscopia,Colonoscopy - Core,1,1,1,15.21,0,
jm endoscopia cerca de mi,NONE,Endoscopia,Endoscopy - Core,11,2,0.1818,15.16,0,
que cuesta la colonoscopia,NONE,Colonoscopia,Colonoscopy - Pricing,6,1,0.1667,15.07,0,
endoscopía salud digna,NONE,Endoscopia,Endoscopy - Core,13,1,0.0769,14.86,0,
precio de una panendoscopia,NONE,Endoscopia,Endoscopy Prices,1,1,1,14.85,0,
endoscopia con toma de biopsia,NONE,Endoscopia,Endoscopy - Core,1,1,1,14.81,0.25,59.24
precio endoscopia merida,NONE,Endoscopia,Endoscopy Prices,8,1,0.125,14.81,0,
clínicas donde hacen endoscopia,NONE,Endoscopia,Endoscopy - Core,4,1,0.25,14.72,0,
cápsula endoscópica en méxico,NONE,Endoscopia,Endoscopy - Core,1,1,1,14.62,1,14.62
precio colonoscopia y endoscopia,NONE,Colonoscopia,Colonoscopy - Pricing,2,1,0.5,14.51,0,
precio de una endoscopia de estomago,NONE,Endoscopia,Endoscopy Prices,1,1,1,14.41,0,
precio de las endoscopias,NONE,Endoscopia,Endoscopy Prices,3,1,0.3333,14.24,0,
costo de una panendoscopia,NONE,Endoscopia,Endoscopy Prices,2,1,0.5,14.19,0,
que es la colonoscopía,NONE,Colonoscopia,Colonoscopy - Core,2,1,0.5,14.12,0,
gastroenterologo endoscopia,NONE,Endoscopia,Endoscopy - Core,10,1,0.1,13.88,0,
colonoscopia estudio,NONE,Colonoscopia,Colonoscopy - Core,6,1,0.1667,13.78,0,
en salud digna hacen endoscopias,NONE,Endoscopia,Endoscopy - Core,4,1,0.25,13.7,0,
lugares donde hacen colonoscopia,NONE,Colonoscopia,Colonoscopy - Core,5,1,0.2,13.59,1,13.59
cuánto sale la endoscopia en salud digna,NONE,Endoscopia,Endoscopy Prices,1,1,1,13.22,0,
como se ve el cáncer de estómago en una endoscopia,NONE,Endoscopia,Endoscopy - Core,2,1,0.5,13.16,0,
qué es la endoscopia,NONE,Endoscopia,Endoscopy - Core,13,1,0.0769,12.99,0,
cuánto vale una colonoscopia,NONE,Colonoscopia,Colonoscopy - Pricing,7,1,0.1429,12.74,0,
cpre donde lo realizan,NONE,Endoscopia,Endoscopy - Core,1,1,1,12.65,0,
costos de endoscopia en salud digna,NONE,Endoscopia,Endoscopy Prices,1,1,1,11.98,0,
que es una endoscopia y para qué sirve,NONE,Endoscopia,Endoscopy - Core,14,1,0.0714,11.81,0,
costo de una endoscopia gastrica,NONE,Endoscopia,Endoscopy Prices,3,1,0.3333,11.53,0,
q precio tiene una colonoscopia,NONE,Colonoscopia,Colonoscopy - Pricing,2,1,0.5,11.41,0,
donde hacen panendoscopia,NONE,Endoscopia,Endoscopy - Core,2,1,0.5,11.29,0,
endoscopía gastrointestinal precio,NONE,Endoscopia,Endoscopy Prices,1,1,1,9.18,0,
endoscopia near me,NONE,Endoscopia,Endoscopy - Core,4,1,0.25,6.9,0,
colonoscopia con toma de biopsia precio,NONE,Colon Max Conversions,Colonoscopy - Pricing,1,1,1,4.66,0,
c p r e,NONE,CPRE,CPRE - Core,2,0,0,0.0,0,
cepre cirugía,NONE,CPRE,CPRE - Core,2,0,0,0.0,0,
cepre gastro,NONE,CPRE,CPRE - Core,2,0,0,0.0,0,
cepre procedimiento,NONE,CPRE,CPRE - Core,2,0,0,0.0,0,
cirugia cepre,NONE,CPRE,CPRE - Core,10,0,0,0.0,0,
colangio endoscopica,NONE,CPRE,CPRE - Core,5,0,0,0.0,0,
colangio retrograda endoscopica,NONE,CPRE,CPRE - Core,1,0,0,0.0,0,
colangiografia endoscópica,NONE,CPRE,CPRE - Core,1,0,0,0.0,0,
colangiopancreatografia retrógrada endoscópica,NONE,CPRE,CPRE - Core,2,0,0,0.0,0,
colangiopantografia retrograda endoscopica,NONE,CPRE,CPRE - Core,2,0,0,0.0,0,
cpre colangiopancreatografía retrógrada endoscópica,NONE,CPRE,CPRE - Core,9,0,0,0.0,0,
cpre en medicina,NONE,CPRE,CPRE - Core,3,0,0,0.0,0,
cpre o cpre,NONE,CPRE,CPRE - Core,2,0,0,0.0,0,
cpre operacion,NONE,CPRE,CPRE - Core,2,0,0,0.0,0,
cpre procedimiento quirúrgico,NONE,CPRE,CPRE - Core,1,0,0,0.0,0,
cpre tecnica quirurgica,NONE,CPRE,CPRE - Core,2,0,0,0.0,0,
cpre vias biliares,NONE,CPRE,CPRE - Core,4,0,0,0.0,0,
cpres,NONE,CPRE,CPRE - Core,2,0,0,0.0,0,
cpres estudio,NONE,CPRE,CPRE - Core,2,0,0,0.0,0,
endoprotesis cpre,NONE,CPRE,CPRE - Core,2,0,0,0.0,0,
enfermedad cpre,NONE,CPRE,CPRE - Core,2,0,0,0.0,0,
estudio medico cpre,NONE,CPRE,CPRE - Core,2,0,0,0.0,0,
examen cepre,NONE,CPRE,CPRE - Core,1,0,0,0.0,0,
operacion cpre,NONE,CPRE,CPRE - Core,3,0,0,0.0,0,
operacion de cpre,NONE,CPRE,CPRE - Core,2,0,0,0.0,0,
operación de cpre,NONE,CPRE,CPRE - Core,2,0,0,0.0,0,
procedimiento de cpre,NONE,CPRE,CPRE - Core,1,0,0,0.0,0,
procedimiento quirúrgico cepre,NONE,CPRE,CPRE - Core,1,0,0,0.0,0,
prueba cpre,NONE,CPRE,CPRE - Core,1,0,0,0.0,0,
tecnica cpre,NONE,CPRE,CPRE - Core,2,0,0,0.0,0,
tratamiento cpre,NONE,CPRE,CPRE - Core,1,0,0,0.0,0,
biopsia colonoscopia precio,NONE,Colonoscopia,Colonoscopy - Pricing,1,0,0,0.0,0,
colonoscopia cdmx,NONE,Colonoscopia,Colonoscopy - Pricing,1,0,0,0.0,0,
colonoscopia con biopsia precio,NONE,Colonoscopia,Colonoscopy - Pricing,3,0,0,0.0,0,
colonoscopia con toma de biopsia precio,NONE,Colonoscopia,Colonoscopy - Pricing,2,0,0,0.0,0,
colonoscopia costos,NONE,Colonoscopia,Colonoscopy - Pricing,3,0,0,0.0,0,
colonoscopia cuanto cuesta,NONE,Colonoscopia,Colonoscopy - Pricing,1,0,0,0.0,0,
colonoscopia en cancun,NONE,Colonoscopia,Colonoscopy - Pricing,1,0,0,0.0,0,
colonoscopia en chopo precio,NONE,Colonoscopia,Colonoscopy - Pricing,2,0,0,0.0,0,
colonoscopia médica sur precio,NONE,Colonoscopia,Colonoscopy - Pricing,2,0,0,0.0,0,
colonoscopia olab precio,NONE,Colonoscopia,Colonoscopy - Pricing,1,0,0,0.0,0,
colonoscopia precio cancun,NONE,Colonoscopia,Colonoscopy - Pricing,3,0,0,0.0,0,
colonoscopia precio chopo,NONE,Colonoscopia,Colonoscopy - Pricing,8,0,0,0.0,0,
colonoscopia precio christus muguerza,NONE,Colonoscopia,Colonoscopy - Pricing,1,0,0,0.0,0,
colonoscopia precio en usa,NONE,Colonoscopia,Colonoscopy - Pricing,1,0,0,0.0,0,
colonoscopia precio mexico,NONE,Colonoscopia,Colonoscopy - Pricing,3,0,0,0.0,0,
colonoscopia precio similares,NONE,Colonoscopia,Colonoscopy - Pricing,6,0,0,0.0,0,
colonoscopia salud digna precio,NONE,Colonoscopia,Colonoscopy - Pricing,3,0,0,0.0,0,
colonoscopia similares precio,NONE,Colonoscopia,Colonoscopy - Pricing,1,0,0,0.0,0,
colonoscopía precio,NONE,Colonoscopia,Colonoscopy - Pricing,2,0,0,0.0,0,
costo de la colonoscopia,NONE,Colonoscopia,Colonoscopy - Pricing,5,0,0,0.0,0,
costo de una colonoscopia en el chopo,NONE,Colonoscopia,Colonoscopy - Pricing,3,0,0,0.0,0,
costos de una colonoscopia,NONE,Colonoscopia,Colonoscopy - Pricing,2,0,0,0.0,0,
cual es el costo de una colonoscopia en mexico,NONE,Colonoscopia,Colonoscopy - Pricing,2,0,0,0.0,0,
cuanto cuesta colonoscopia,ADDED,Colonoscopia,Colonoscopy - Pricing,1,0,0,0.0,0,
cuanto cuesta el examen de colonoscopia,NONE,Colonoscopia,Colonoscopy - Pricing,1,0,0,0.0,0,
cuanto cuesta una colonoscopia en hospital angeles,NONE,Colonoscopia,Colonoscopy - Pricing,1,0,0,0.0,0,
cuanto cuesta una colonoscopia en mexico,NONE,Colonoscopia,Colonoscopy - Pricing,1,0,0,0.0,0,
cuanto sale colonoscopia,NONE,Colonoscopia,Colonoscopy - Pricing,1,0,0,0.0,0,
cuanto sale un estudio de colonoscopia,NONE,Colonoscopia,Colonoscopy - Pricing,1,0,0,0.0,0,
cuanto sale un examen de colonoscopia,NONE,Colonoscopia,Colonoscopy - Pricing,2,0,0,0.0,0,
cuanto sale una colonoscopia particular,NONE,Colonoscopia,Colonoscopy - Pricing,2,0,0,0.0,0,
cuanto vale la colonoscopia,NONE,Colonoscopia,Colonoscopy - Pricing,2,0,0,0.0,0,
cuánto cuesta la colonoscopia en salud digna,NONE,Colonoscopia,Colonoscopy - Pricing,1,0,0,0.0,0,
cuánto es el precio de una colonoscopia,NONE,Colonoscopia,Colonoscopy - Pricing,1,0,0,0.0,0,
cuánto sale una colonoscopia en salud digna,NONE,Colonoscopia,Colonoscopy - Pricing,2,0,0,0.0,0,
cuánto vale una colonoscopia en salud digna,NONE,Colonoscopia,Colonoscopy - Pricing,4,0,0,0.0,0,
en cuánto sale una colonoscopia,NONE,Colonoscopia,Colonoscopy - Pricing,1,0,0,0.0,0,
endoscopia de colon precio,NONE,Colonoscopia,Colonoscopy - Pricing,2,0,0,0.0,0,
estudio colonoscopia precio,NONE,Colonoscopia,Colonoscopy - Pricing,2,0,0,0.0,0,
estudio de colonoscopia precio salud digna,NONE,Colonoscopia,Colonoscopy - Pricing,2,0,0,0.0,0,
estudio del colon precio,NONE,Colonoscopia,Colonoscopy - Pricing,3,0,0,0.0,0,
estudios del colon precio,NONE,Colonoscopia,Colonoscopy - Pricing,2,0,0,0.0,0,
examen de colonoscopia precio,NONE,Colonoscopia,Colonoscopy - Pricing,1,0,0,0.0,0,
precio colonoscopia chopo,NONE,Colonoscopia,Colonoscopy - Pricing,2,0,0,0.0,0,
precio de colonoscopia en el chopo,NONE,Colonoscopia,Colonoscopy - Pricing,1,0,0,0.0,0,
precio de colonoscopia en hospital universitario,NONE,Colonoscopia,Colonoscopy - Pricing,2,0,0,0.0,0,
precio de estudio de colonoscopia,NONE,Colonoscopia,Colonoscopy - Pricing,2,0,0,0.0,0,
precio de una colonoscopia en méxico,NONE,Colonoscopia,Colonoscopy - Pricing,2,0,0,0.0,0,
precios de colonoscopia en mexico,NONE,Colonoscopia,Colonoscopy - Pricing,1,0,0,0.0,0,
que cuesta una colonoscopia,NONE,Colonoscopia,Colonoscopy - Pricing,2,0,0,0.0,0,
que precio tiene una colonoscopia en salud digna,NONE,Colonoscopia,Colonoscopy - Pricing,2,0,0,0.0,0,
area de endoscopia,NONE,Endoscopia,Endoscopy - Core,2,0,0,0.0,0,
balon gastrico con endoscopia,NONE,Endoscopia,Endoscopy - Core,1,0,0,0.0,0,
biopsia de endoscopia digestiva,NONE,Endoscopia,Endoscopy - Core,1,0,0,0.0,0,
biopsia de páncreas por endoscopia,NONE,Endoscopia,Endoscopy - Core,1,0,0,0.0,0,
biopsia de una endoscopia,NONE,Endoscopia,Endoscopy - Core,1,0,0,0.0,0,
biopsia endoscopica,NONE,Endoscopia,Endoscopy - Core,2,0,0,0.0,0,
biopsia endoscópica,NONE,Endoscopia,Endoscopy - Core,2,0,0,0.0,0,
biopsia pancreas por endoscopia,NONE,Endoscopia,Endoscopy - Core,1,0,0,0.0,0,
biopsias endoscopicas,NONE,Endoscopia,Endoscopy - Core,2,0,0,0.0,0,
bypass gastrico por endoscopia,NONE,Endoscopia,Endoscopy - Core,2,0,0,0.0,0,
c pre,NONE,Endoscopia,Endoscopy - Core,2,0,0,0.0,0,
c1 kimura takemoto,NONE,Endoscopia,Endoscopy - Core,1,0,0,0.0,0,
cada cuando se puede hacer una endoscopia,NONE,Endoscopia,Endoscopy - Core,1,0,0,0.0,0,
cada cuanto se debe hacer una endoscopia,NONE,Endoscopia,Endoscopy - Core,1,0,0,0.0,0,
camara en el estomago,NONE,Endoscopia,Endoscopy - Core,6,0,0,0.0,0,
camara por el estomago,NONE,Endoscopia,Endoscopy - Core,2,0,0,0.0,0,
capsula camara para ver intestino,NONE,Endoscopia,Endoscopy - Core,2,0,0,0.0,0,
capsula endoscopica intestinal,NONE,Endoscopia,Endoscopy - Core,2,0,0,0.0,0,
capsula gastrica,NONE,Endoscopia,Endoscopy - Core,1,0,0,0.0,0,
capsula para endoscopia,NONE,Endoscopia,Endoscopy - Core,1,0,0,0.0,0,
centro de endoscopia digestiva,NONE,Endoscopia,Endoscopy - Core,3,0,0,0.0,0,
centro de endoscopia merida,NONE,Endoscopia,Endoscopy - Core,3,0,0,0.0,0,
centro endoscopia,NONE,Endoscopia,Endoscopy - Core,1,0,0,0.0,0,
centro endoscopico cerca de mi,NONE,Endoscopia,Endoscopy - Core,1,0,0,0.0,0,
centro endoscopico de merida,NONE,Endoscopia,Endoscopy - Core,1,0,0,0.0,0,
centro endoscopico pensiones,NONE,Endoscopia,Endoscopy - Core,2,0,0,0.0,0,
cepre cirugia,NONE,Endoscopia,Endoscopy - Core,3,0,0,0.0,0,
ceprex que es,NONE,Endoscopia,Endoscopy - Core,1,0,0,0.0,0,
cirugia de vesicula por endoscopia,NONE,Endoscopia,Endoscopy - Core,2,0,0,0.0,0,
cirugia endoscópica,NONE,Endoscopia,Endoscopy - Core,1,0,0,0.0,0,
cirugía con endoscopia,NONE,Endoscopia,Endoscopy - Core,3,0,0,0.0,0,
cirugía endoscopia,NONE,Endoscopia,Endoscopy - Core,2,0,0,0.0,0,
cistoscopia endoscopia,NONE,Endoscopia,Endoscopy - Core,1,0,0,0.0,0,
clinica santa maria endoscopia,NONE,Endoscopia,Endoscopy - Core,2,0,0,0.0,0,
clínica de endoscopia,NONE,Endoscopia,Endoscopy - Core,7,0,0,0.0,0,
clínica de endoscopia gastrointestinal,NONE,Endoscopia,Endoscopy - Core,1,0,0,0.0,0,
clínica endoscopia,NONE,Endoscopia,Endoscopy - Core,3,0,0,0.0,0,
colangio retrograda endoscopica,NONE,Endoscopia,Endoscopy - Core,1,0,0,0.0,0,
colangiografia endoscopica,NONE,Endoscopia,Endoscopy - Core,1,0,0,0.0,0,
colangiopancreatografía retrógrada endoscópica,NONE,Endoscopia,Endoscopy - Core,14,0,0,0.0,0,
colocación de sonda nasoyeyunal por endoscopia,NONE,Endoscopia,Endoscopy - Core,1,0,0,0.0,0,
colon endoscopia como se hace,NONE,Endoscopia,Endoscopy - Core,1,0,0,0.0,0,
colonoscopia y endoscopia,NONE,Endoscopia,Endoscopy - Core,2,0,0,0.0,0,
colonoscopia y panendoscopia,NONE,Endoscopia,Endoscopy - Core,1,0,0,0.0,0,
colposcopia del estomago,NONE,Endoscopia,Endoscopy - Core,2,0,0,0.0,0,
como debo prepararme para una endoscopia,NONE,Endoscopia,Endoscopy - Core,1,0,0,0.0,0,
como es el estudio de endoscopia,NONE,Endoscopia,Endoscopy - Core,4,0,0,0.0,0,
como es endoscopia,NONE,Endoscopia,Endoscopy - Core,1,0,0,0.0,0,
como es la endoscopia con biopsia,NONE,Endoscopia,Endoscopy - Core,1,0,0,0.0,0,
como es la endoscopia digestiva,NONE,Endoscopia,Endoscopy - Core,5,0,0,0.0,0,
como es la gastroscopia,NONE,Endoscopia,Endoscopy - Core,1,0,0,0.0,0,
como es la preparación para una endoscopia,NONE,Endoscopia,Endoscopy - Core,1,0,0,0.0,0,
como es la sedacion para una endoscopia,NONE,Endoscopia,Endoscopy - Core,1,0,0,0.0,0,
como es una endoscopia de estomago,NONE,Endoscopia,Endoscopy - Core,1,0,0,0.0,0,
como es una endoscopia digestiva,NONE,Endoscopia,Endoscopy - Core,1,0,0,0.0,0,
como es una endoscopia gastrica,NONE,Endoscopia,Endoscopy - Core,1,0,0,0.0,0,
como funciona la capsula endoscopica,NONE,Endoscopia,Endoscopy - Core,2,0,0,0.0,0,
como hacen la endoscopia,NONE,Endoscopia,Endoscopy - Core,4,0,0,0.0,0,
como hay que prepararse para una endoscopia,NONE,Endoscopia,Endoscopy - Core,2,0,0,0.0,0,
como prepararme para una endoscopia,NONE,Endoscopia,Endoscopy - Core,1,0,0,0.0,0,
como prepararse para una endoscopia,NONE,Endoscopia,Endoscopy - Core,2,0,0,0.0,0,
como realizan la endoscopia,NONE,Endoscopia,Endoscopy - Core,1,0,0,0.0,0,
como se hace el cpre,NONE,Endoscopia,Endoscopy - Core,1,0,0,0.0,0,
como se hace el estudio de endoscopia,NONE,Endoscopia,Endoscopy - Core,3,0,0,0.0,0,
como se hace endoscopia gastrica,NONE,Endoscopia,Endoscopy - Core,1,0,0,0.0,0,
como se hace la cpre,NONE,Endoscopia,Endoscopy - Core,3,0,0,0.0,0,
como se hace la endoscopia gastrica,NONE,Endoscopia,Endoscopy - Core,1,0,0,0.0,0,
como se hace una cpre,NONE,Endoscopia,Endoscopy - Core,1,0,0,0.0,0,
como se hace una endoscopia con anestesia,NONE,Endoscopia,Endoscopy - Core,2,0,0,0.0,0,
como se hace una endoscopia de estomago,NONE,Endoscopia,Endoscopy - Core,6,0,0,0.0,0,
como se hace una endoscopia digestiva,NONE,Endoscopia,Endoscopy - Core,1,0,0,0.0,0,
como se hace una endoscopia superior,NONE,Endoscopia,Endoscopy - Core,1,0,0,0.0,0,
como se hace una endoscopia y colonoscopia juntas,NONE,Endoscopia,Endoscopy - Core,1,0,0,0.0,0,
como se llama cuando te meten la camara en el estomago,NONE,Endoscopia,Endoscopy - Core,2,0,0,0.0,0,
como se llama cuando te meten una camara en el estomago,NONE,Endoscopia,Endoscopy - Core,7,0,0,0.0,0,
como se llama cuando te revisan el estomago,NONE,Endoscopia,Endoscopy - Core,1,0,0,0.0,0,
como se llama el estudio de estomago con camara,NONE,Endoscopia,Endoscopy - Core,1,0,0,0.0,0,
como se llama el estudio del estomago,NONE,Endoscopia,Endoscopy - Core,6,0,0,0.0,0,
como se llama el estudio donde meten una camarita por la boca,NONE,Endoscopia,Endoscopy - Core,1,0,0,0.0,0,
como se llama el estudio donde te meten una camarita,NONE,Endoscopia,Endoscopy - Core,9,0,0,0.0,0,
como se llama el estudio donde te meten una camarita por la boca,NONE,Endoscopia,Endoscopy - Core,3,0,0,0.0,0,
como se llama el estudio para checar el estomago,NONE,Endoscopia,Endoscopy - Core,1,0,0,0.0,0,
como se llama el estudio para revisar el estomago,NONE,Endoscopia,Endoscopy - Core,1,0,0,0.0,0,
como se llama el estudio para ver el estomago,NONE,Endoscopia,Endoscopy - Core,4,0,0,0.0,0,
como se llama el estudio para ver el estomago por dentro,NONE,Endoscopia,Endoscopy - Core,2,0,0,0.0,0,
como se llama el estudio que meten una camara al estomago,NONE,Endoscopia,Endoscopy - Core,2,0,0,0.0,0,
como se llama el estudio que te meten un tubo por la boca,NONE,Endoscopia,Endoscopy - Core,1,0,0,0.0,0,
como se llama el estudio que te meten una camarita por la boca,NONE,Endoscopia,Endoscopy - Core,2,0,0,0.0,0,
como se realiza la endoscopia,NONE,Endoscopia,Endoscopy - Core,1,0,0,0.0,0,
como se realiza la gastroscopia,NONE,Endoscopia,Endoscopy - Core,2,0,0,0.0,0,
como se realiza un cpre,NONE,Endoscopia,Endoscopy - Core,3,0,0,0.0,0,
como se realiza una endoscopia,NONE,Endoscopia,Endoscopy - Core,7,0,0,0.0,0,
como se realiza una endoscopia digestiva,NONE,Endoscopia,Endoscopy - Core,5,0,0,0.0,0,
como se realiza una endoscopia digestiva alta,NONE,Endoscopia,Endoscopy - Core,2,0,0,0.0,0,
como se realiza una endoscopia y para que sirve,NONE,Endoscopia,Endoscopy - Core,2,0,0,0.0,0,
como solicitar una endoscopia en el imss,NONE,Endoscopia,Endoscopy - Core,2,0,0,0.0,0,
como te sedan para una endoscopia,NONE,Endoscopia,Endoscopy - Core,1,0,0,0.0,0,
con la endoscopia que se detecta,NONE,Endoscopia,Endoscopy - Core,1,0,0,0.0,0,
con una endoscopia que se puede detectar,NONE,Endoscopia,Endoscopy - Core,1,0,0,0.0,0,
consultorio gastroenterologia y endoscopia,NONE,Endoscopia,Endoscopy - Core,2,0,0,0.0,0,
cpre,NONE,Endoscopia,Endoscopy - Core,1,0,0,0.0,0,
cpre como se realiza,NONE,Endoscopia,Endoscopy - Core,1,0,0,0.0,0,
cpre endoscopia,NONE,Endoscopia,Endoscopy - Core,4,0,0,0.0,0,
cpre estudio medico,NONE,Endoscopia,Endoscopy - Core,1,0,0,0.0,0,
cpre medicina,NONE,Endoscopia,Endoscopy - Core,2,0,0,0.0,0,
cpre pancreatitis,NONE,Endoscopia,Endoscopy - Core,4,0,0,0.0,0,
cpre procedimiento,NONE,Endoscopia,Endoscopy - Core,2,0,0,0.0,0,
cricofaringeo endoscopia,NONE,Endoscopia,Endoscopy - Core,1,0,0,0.0,0,
cual es la preparacion para una endoscopia digestiva,NONE,Endoscopia,Endoscopy - Core,1,0,0,0.0,0,
cual es la preparación para una esofagogastroduodenoscopia,NONE,Endoscopia,Endoscopy - Core,1,0,0,0.0,0,
cuando es necesaria una endoscopia,NONE,Endoscopia,Endoscopy - Core,2,0,0,0.0,0,
cuando hacer endoscopia,NONE,Endoscopia,Endoscopy - Core,1,0,0,0.0,0,
cuando hacer una endoscopia,NONE,Endoscopia,Endoscopy - Core,2,0,0,0.0,0,
cuando hacerse una endoscopia,NONE,Endoscopia,Endoscopy - Core,1,0,0,0.0,0,
cuando se hace una endoscopia,NONE,Endoscopia,Endoscopy - Core,1,0,0,0.0,0,
cuando te hacen una endoscopia te duermen,NONE,Endoscopia,Endoscopy - Core,1,0,0,0.0,0,
cuando te mandan a hacer una endoscopia,NONE,Endoscopia,Endoscopy - Core,1,0,0,0.0,0,
cuantas horas de ayuno se necesita para una endoscopia,NONE,Endoscopia,Endoscopy - Core,2,0,0,0.0,0,
cuanto dura la endoscopia,NONE,Endoscopia,Endoscopy - Core,1,0,0,0.0,0,
cuanto dura un estudio de endoscopia,NONE,Endoscopia,Endoscopy - Core,1,0,0,0.0,0,
cuanto tarda el estudio de endoscopia,NONE,Endoscopia,Endoscopy - Core,2,0,0,0.0,0,
cuanto tarda el procedimiento de una endoscopia,NONE,Endoscopia,Endoscopy - Core,1,0,0,0.0,0,
cuanto tarda un estudio de endoscopia,NONE,Endoscopia,Endoscopy - Core,1,0,0,0.0,0,
cuanto tarda una endoscopia digestiva,NONE,Endoscopia,Endoscopy - Core,1,0,0,0.0,0,
cuanto tiempo de ayuno para una endoscopia,NONE,Endoscopia,Endoscopy - Core,1,0,0,0.0,0,
cuanto tiempo dura una endoscopia con sedación,NONE,Endoscopia,Endoscopy - Core,2,0,0,0.0,0,
cuanto tiempo lleva hacer una endoscopia,NONE,Endoscopia,Endoscopy - Core,2,0,0,0.0,0,
cuanto tiempo tarda la endoscopia,NONE,Endoscopia,Endoscopy - Core,2,0,0,0.0,0,
cuanto tiempo tarda una endoscopia,NONE,Endoscopia,Endoscopy - Core,5,0,0,0.0,0,
cuci endoscopia,NONE,Endoscopia,Endoscopy - Core,2,0,0,0.0,0,
cuidados de la endoscopia,NONE,Endoscopia,Endoscopy - Core,2,0,0,0.0,0,
cuál es la endoscopia,NONE,Endoscopia,Endoscopy - Core,1,0,0,0.0,0,
cuándo es necesario hacerse una endoscopia,NONE,Endoscopia,Endoscopy - Core,1,0,0,0.0,0,
cuántas horas de ayuno para una endoscopia,NONE,Endoscopia,Endoscopy - Core,1,0,0,0.0,0,
cuánto dura una endoscopia,NONE,Endoscopia,Endoscopy - Core,1,0,0,0.0,0,
cuánto tarda una endoscopia,NONE,Endoscopia,Endoscopy - Core,9,0,0,0.0,0,
cuánto tiempo tarda en hacer una endoscopia,NONE,Endoscopia,Endoscopy - Core,1,0,0,0.0,0,
cuánto tiempo tarda en hacerse una endoscopia,NONE,Endoscopia,Endoscopy - Core,2,0,0,0.0,0,
cuánto tiempo tarda una endoscopia,NONE,Endoscopia,Endoscopy - Core,4,0,0,0.0,0,
cámara en el estomago,NONE,Endoscopia,Endoscopy - Core,1,0,0,0.0,0,
cómo debo prepararme para una endoscopia,NONE,Endoscopia,Endoscopy - Core,2,0,0,0.0,0,
cómo es el estudio de endoscopia,NONE,Endoscopia,Endoscopy - Core,4,0,0,0.0,0,
cómo es el estudio de la endoscopia,NONE,Endoscopia,Endoscopy - Core,5,0,0,0.0,0,
cómo es el procedimiento de la endoscopia,NONE,Endoscopia,Endoscopy - Core,3,0,0,0.0,0,
cómo es el procedimiento de una endoscopia,NONE,Endoscopia,Endoscopy - Core,6,0,0,0.0,0,
cómo es la endoscopia gastrointestinal,NONE,Endoscopia,Endoscopy - Core,1,0,0,0.0,0,
cómo es una gastroscopia,NONE,Endoscopia,Endoscopy - Core,1,0,0,0.0,0,
cómo hacer una endoscopia,NONE,Endoscopia,Endoscopy - Core,2,0,0,0.0,0,
cómo me preparo para una endoscopia,NONE,Endoscopia,Endoscopy - Core,1,0,0,0.0,0,
cómo se hace una endoscopia en el estómago,NONE,Endoscopia,Endoscopy - Core,5,0,0,0.0,0,
cómo se llama cuando te meten una camarita por la boca,NONE,Endoscopia,Endoscopy - Core,1,0,0,0.0,0,
cómo se llama cuando te meten una cámara por la boca,NONE,Endoscopia,Endoscopy - Core,2,0,0,0.0,0,
cómo se realiza la endoscopia,NONE,Endoscopia,Endoscopy - Core,1,0,0,0.0,0,
cómo se realiza una cpre,NONE,Endoscopia,Endoscopy - Core,1,0,0,0.0,0,
cómo se realiza una endoscopia gástrica,NONE,Endoscopia,Endoscopy - Core,2,0,0,0.0,0,
cómo te hacen una endoscopia,NONE,Endoscopia,Endoscopy - Core,1,0,0,0.0,0,
definir endoscopia,NONE,Endoscopia,Endoscopy - Core,3,0,0,0.0,0,
diagnóstico endoscópico,NONE,Endoscopia,Endoscopy - Core,2,0,0,0.0,0,
diferencia entre endoscopia y panendoscopia,NONE,Endoscopia,Endoscopy - Core,3,0,0,0.0,0,
dilatación endoscópica,NONE,Endoscopia,Endoscopy - Core,1,0,0,0.0,0,
diseccion endoscopica submucosa,NONE,Endoscopia,Endoscopy - Core,1,0,0,0.0,0,
dispepsia funcional endoscopia,NONE,Endoscopia,Endoscopy - Core,1,0,0,0.0,0,
displasia gastrica endoscopia,NONE,Endoscopia,Endoscopy - Core,1,0,0,0.0,0,
diverticulo endoscopia,NONE,Endoscopia,Endoscopy - Core,1,0,0,0.0,0,
donde hacen endoscopia cerca de mi,NONE,Endoscopia,Endoscopy - Core,1,0,0,0.0,0,
donde hacen endoscopias,NONE,Endoscopia,Endoscopy - Core,2,0,0,0.0,0,
donde hacerse una endoscopia,NONE,Endoscopia,Endoscopy - Core,1,0,0,0.0,0,
donde puedo hacerme una endoscopia,NONE,Endoscopia,Endoscopy - Core,2,0,0,0.0,0,
donde realizar endoscopia,NONE,Endoscopia,Endoscopy - Core,2,0,0,0.0,0,
donde se puede realizar una endoscopia,NONE,Endoscopia,Endoscopy - Core,1,0,0,0.0,0,
dr gustavo adolfo segovia cuevas endoscopista cancún,NONE,Endoscopia,Endoscopy - Core,1,0,0,0.0,0,
dra miriam idalia torres ruiz gastroenterólogo endoscopia,NONE,Endoscopia,Endoscopy - Core,4,0,0,0.0,0,
duele la endoscopia,NONE,Endoscopia,Endoscopy - Core,3,0,0,0.0,0,
duele una endoscopia,NONE,Endoscopia,Endoscopy - Core,1,0,0,0.0,0,
duodeno normal endoscopia,NONE,Endoscopia,Endoscopy - Core,1,0,0,0.0,0,
duodenoscopia procedimiento,NONE,Endoscopia,Endoscopy - Core,1,0,0,0.0,0,
duracion de una endoscopia,NONE,Endoscopia,Endoscopy - Core,2,0,0,0.0,0,
duración de endoscopia,NONE,Endoscopia,Endoscopy - Core,1,0,0,0.0,0,
dónde hacen endoscopia,NONE,Endoscopia,Endoscopy - Core,3,0,0,0.0,0,
dónde realizan endoscopia,NONE,Endoscopia,Endoscopy - Core,1,0,0,0.0,0,
dónde te ponen la anestesia para la endoscopia,NONE,Endoscopia,Endoscopy - Core,1,0,0,0.0,0,
eco endoscopia,NONE,Endoscopia,Endoscopy - Core,4,0,0,0.0,0,
ecografia endoscopica de esofago,NONE,Endoscopia,Endoscopy - Core,1,0,0,0.0,0,
ecografia endoscopica de estomago,NONE,Endoscopia,Endoscopy - Core,1,0,0,0.0,0,
ecos endoscopia,NONE,Endoscopia,Endoscopy - Core,1,0,0,0.0,0,
egd español,NONE,Endoscopia,Endoscopy - Core,2,0,0,0.0,0,
egd medicina,NONE,Endoscopia,Endoscopy - Core,1,0,0,0.0,0,
el chopo endoscopia,NONE,Endoscopia,Endoscopy - Core,1,0,0,0.0,0,
el imss hace endoscopias,NONE,Endoscopia,Endoscopy - Core,1,0,0,0.0,0,
el resultado de la endoscopia es inmediato,NONE,Endoscopia,Endoscopy - Core,1,0,0,0.0,0,
en el chopo hacen endoscopia,NONE,Endoscopia,Endoscopy - Core,1,0,0,0.0,0,
en el imss hacen endoscopia,NONE,Endoscopia,Endoscopy - Core,1,0,0,0.0,0,
en endoscopia digestiva,NONE,Endoscopia,Endoscopy - Core,2,0,0,0.0,0,
en la endoscopia sale la bacteria helicobacter pylori,NONE,Endoscopia,Endoscopy - Core,1,0,0,0.0,0,
en que consiste la panendoscopia,NONE,Endoscopia,Endoscopy - Core,2,0,0,0.0,0,
en qué consiste la endoscopia,NONE,Endoscopia,Endoscopy - Core,2,0,0,0.0,0,
en qué consiste una endoscopia,NONE,Endoscopia,Endoscopy - Core,2,0,0,0.0,0,
en salud digna hay endoscopia,NONE,Endoscopia,Endoscopy - Core,7,0,0,0.0,0,
en una endoscopia que se ve,NONE,Endoscopia,Endoscopy - Core,1,0,0,0.0,0,
endocolonoscopia que es,NONE,Endoscopia,Endoscopy - Core,1,0,0,0.0,0,
endoscopia acalasia,NONE,Endoscopia,Endoscopy - Core,2,0,0,0.0,0,
endoscopia alta digestiva,NONE,Endoscopia,Endoscopy - Core,1,0,0,0.0,0,
endoscopia anal,NONE,Endoscopia,Endoscopy - Core,2,0,0,0.0,0,
endoscopia baja,NONE,Endoscopia,Endoscopy - Core,1,0,0,0.0,0,
endoscopia baja y alta,NONE,Endoscopia,Endoscopy - Core,2,0,0,0.0,0,
endoscopia bariatrica,NONE,Endoscopia,Endoscopy - Core,4,0,0,0.0,0,
endoscopia biportal columna,NONE,Endoscopia,Endoscopy - Core,4,0,0,0.0,0,
endoscopia cd del carmen,NONE,Endoscopia,Endoscopy - Core,2,0,0,0.0,0,
endoscopia centro,NONE,Endoscopia,Endoscopy - Core,5,0,0,0.0,0,
endoscopia centro medico,NONE,Endoscopia,Endoscopy - Core,2,0,0,0.0,0,
endoscopia cerca de mi ubicación,NONE,Endoscopia,Endoscopy - Core,9,0,0,0.0,0,
endoscopia cerebral,NONE,Endoscopia,Endoscopy - Core,1,0,0,0.0,0,
endoscopia chetumal,NONE,Endoscopia,Endoscopy - Core,2,0,0,0.0,0,
endoscopia chopo,NONE,Endoscopia,Endoscopy - Core,6,0,0,0.0,0,
endoscopia cirugia,NONE,Endoscopia,Endoscopy - Core,7,0,0,0.0,0,
endoscopia ciudad del carmen,NONE,Endoscopia,Endoscopy - Core,1,0,0,0.0,0,
endoscopia clinica las americas,NONE,Endoscopia,Endoscopy - Core,3,0,0,0.0,0,
endoscopia coatzacoalcos,NONE,Endoscopia,Endoscopy - Core,2,0,0,0.0,0,
endoscopia colonoscopia,NONE,Endoscopia,Endoscopy - Core,1,0,0,0.0,0,
endoscopia columna,NONE,Endoscopia,Endoscopy - Core,2,0,0,0.0,0,
endoscopia como es,NONE,Endoscopia,Endoscopy - Core,2,0,0,0.0,0,
endoscopia como se hace,NONE,Endoscopia,Endoscopy - Core,10,0,0,0.0,0,
endoscopia como se realiza,NONE,Endoscopia,Endoscopy - Core,1,0,0,0.0,0,
endoscopia con biopsia para helicobacter pylori,NONE,Endoscopia,Endoscopy - Core,2,0,0,0.0,0,
endoscopia con biopsia que es,NONE,Endoscopia,Endoscopy - Core,1,0,0,0.0,0,
endoscopia con cancer de estomago,NONE,Endoscopia,Endoscopy - Core,1,0,0,0.0,0,
endoscopia con capsula,NONE,Endoscopia,Endoscopy - Core,1,0,0,0.0,0,
endoscopia con dilatacion esofagica,NONE,Endoscopia,Endoscopy - Core,2,0,0,0.0,0,
endoscopia con helicobacter pylori,NONE,Endoscopia,Endoscopy - Core,2,0,0,0.0,0,
endoscopia con pastilla camara,NONE,Endoscopia,Endoscopy - Core,2,0,0,0.0,0,
endoscopia con ultrasonido,NONE,Endoscopia,Endoscopy - Core,1,0,0,0.0,0,
endoscopia cruz roja,NONE,Endoscopia,Endoscopy - Core,1,0,0,0.0,0,
endoscopia cuando es necesaria,NONE,Endoscopia,Endoscopy - Core,1,0,0,0.0,0,
endoscopia de,NONE,Endoscopia,Endoscopy - Core,1,0,0,0.0,0,
endoscopia de columna,NONE,Endoscopia,Endoscopy - Core,1,0,0,0.0,0,
endoscopia de estomago,NONE,Endoscopia,Endoscopy - Core,5,0,0,0.0,0,
endoscopia de estómago,NONE,Endoscopia,Endoscopy - Core,1,0,0,0.0,0,
endoscopia de garganta,NONE,Endoscopia,Endoscopy - Core,1,0,0,0.0,0,
endoscopia de higado,NONE,Endoscopia,Endoscopy - Core,2,0,0,0.0,0,
endoscopia de la garganta,NONE,Endoscopia,Endoscopy - Core,1,0,0,0.0,0,
endoscopia de vesicula,NONE,Endoscopia,Endoscopy - Core,3,0,0,0.0,0,
endoscopia de vías digestivas altas,NONE,Endoscopia,Endoscopy - Core,1,0,0,0.0,0,
endoscopia debe ser en ayunas,NONE,Endoscopia,Endoscopy - Core,1,0,0,0.0,0,
endoscopia definicion,NONE,Endoscopia,Endoscopy - Core,2,0,0,0.0,0,
endoscopia del estómago,NONE,Endoscopia,Endoscopy - Core,7,0,0,0.0,0,
endoscopia del intestino delgado,NONE,Endoscopia,Endoscopy - Core,1,0,0,0.0,0,
endoscopia del tercer espacio,NONE,Endoscopia,Endoscopy - Core,1,0,0,0.0,0,
endoscopia diagnostica,NONE,Endoscopia,Endoscopy - Core,7,0,0,0.0,0,
endoscopia diagnostica y terapeutica,ADDED,Endoscopia,Endoscopy - Core,1,0,0,0.0,0,
endoscopia digestiva alta para que sirve,NONE,Endoscopia,Endoscopy - Core,3,0,0,0.0,0,
endoscopia digestiva alta que detecta,NONE,Endoscopia,Endoscopy - Core,1,0,0,0.0,0,
endoscopia digestiva cerca de mi,NONE,Endoscopia,Endoscopy - Core,1,0,0,0.0,0,
endoscopia digestiva que es,NONE,Endoscopia,Endoscopy - Core,1,0,0,0.0,0,
endoscopia digestiva salud digna,NONE,Endoscopia,Endoscopy - Core,3,0,0,0.0,0,
endoscopia digital,NONE,Endoscopia,Endoscopy - Core,2,0,0,0.0,0,
endoscopia donde la hacen,NONE,Endoscopia,Endoscopy - Core,6,0,0,0.0,0,
endoscopia duele,NONE,Endoscopia,Endoscopy - Core,5,0,0,0.0,0,
endoscopia e instrumentos sa de cv,NONE,Endoscopia,Endoscopy - Core,1,0,0,0.0,0,
endoscopia en bebes,NONE,Endoscopia,Endoscopy - Core,1,0,0,0.0,0,
endoscopia en cancun,NONE,Endoscopia,Endoscopy - Core,2,0,0,0.0,0,
endoscopia en chopo,NONE,Endoscopia,Endoscopy - Core,1,0,0,0.0,0,
endoscopia en el ano,NONE,Endoscopia,Endoscopy - Core,1,0,0,0.0,0,
endoscopia en el utero,NONE,Endoscopia,Endoscopy - Core,1,0,0,0.0,0,
endoscopia en hermosillo,NONE,Endoscopia,Endoscopy - Core,1,0,0,0.0,0,
endoscopia en la vejiga,NONE,Endoscopia,Endoscopy - Core,2,0,0,0.0,0,
endoscopia en niños,NONE,Endoscopia,Endoscopy - Core,1,0,0,0.0,0,
endoscopia en niños de 10 años,NONE,Endoscopia,Endoscopy - Core,2,0,0,0.0,0,
endoscopia en niños de 3 años,NONE,Endoscopia,Endoscopy - Core,1,0,0,0.0,0,
endoscopia en playa del carmen,NONE,Endoscopia,Endoscopy - Core,2,0,0,0.0,0,
endoscopia en puebla,NONE,Endoscopia,Endoscopy - Core,1,0,0,0.0,0,
endoscopia en que consiste,NONE,Endoscopia,Endoscopy - Core,4,0,0,0.0,0,
endoscopia erge,NONE,Endoscopia,Endoscopy - Core,1,0,0,0.0,0,
endoscopia es ambulatoria,NONE,Endoscopia,Endoscopy - Core,2,0,0,0.0,0,
endoscopia es en ayunas,NONE,Endoscopia,Endoscopy - Core,2,0,0,0.0,0,
endoscopia esofagogastroduodenal,NONE,Endoscopia,Endoscopy - Core,3,0,0,0.0,0,
endoscopia esofagogastroduodenoscopia,NONE,Endoscopia,Endoscopy - Core,1,0,0,0.0,0,
endoscopia faringolaringea,NONE,Endoscopia,Endoscopy - Core,1,0,0,0.0,0,
endoscopia gastrica,NONE,Endoscopia,Endoscopy - Core,7,0,0,0.0,0,
endoscopia gástrica,NONE,Endoscopia,Endoscopy - Core,2,0,0,0.0,0,
endoscopia hernia hiatal,NONE,Endoscopia,Endoscopy - Core,3,0,0,0.0,0,
endoscopia imss,NONE,Endoscopia,Endoscopy - Core,2,0,0,0.0,0,
endoscopia indicaciones,NONE,Endoscopia,Endoscopy - Core,7,0,0,0.0,0,
endoscopia indicaciones previas,NONE,Endoscopia,Endoscopy - Core,1,0,0,0.0,0,
endoscopia inferior,NONE,Endoscopia,Endoscopy - Core,2,0,0,0.0,0,
endoscopia instrucciones,NONE,Endoscopia,Endoscopy - Core,1,0,0,0.0,0,
endoscopia intervencionista,NONE,Endoscopia,Endoscopy - Core,3,0,0,0.0,0,
endoscopia intestinal,NONE,Endoscopia,Endoscopy - Core,4,0,0,0.0,0,
endoscopia issste,NONE,Endoscopia,Endoscopy - Core,1,0,0,0.0,0,
endoscopia lapi,NONE,Endoscopia,Endoscopy - Core,1,0,0,0.0,0,
endoscopia laringea,NONE,Endoscopia,Endoscopy - Core,2,0,0,0.0,0,
endoscopia lugares,NONE,Endoscopia,Endoscopy - Core,3,0,0,0.0,0,
endoscopia mexico,NONE,Endoscopia,Endoscopy - Core,1,0,0,0.0,0,
endoscopia médico especialista,NONE,Endoscopia,Endoscopy - Core,1,0,0,0.0,0,
endoscopia nasal salud digna,NONE,Endoscopia,Endoscopy - Core,2,0,0,0.0,0,
endoscopia o endoscopia,NONE,Endoscopia,Endoscopy - Core,1,0,0,0.0,0,
endoscopia para el higado,NONE,Endoscopia,Endoscopy - Core,2,0,0,0.0,0,
endoscopia para estomago,NONE,Endoscopia,Endoscopy - Core,1,0,0,0.0,0,
endoscopia para extracción de cuerpo extraño,NONE,Endoscopia,Endoscopy - Core,1,0,0,0.0,0,
endoscopia para gastritis,NONE,Endoscopia,Endoscopy - Core,3,0,0,0.0,0,
endoscopia para la garganta,NONE,Endoscopia,Endoscopy - Core,1,0,0,0.0,0,
endoscopia para que es,NONE,Endoscopia,Endoscopy - Core,3,0,0,0.0,0,
endoscopia para que se hace,NONE,Endoscopia,Endoscopy - Core,1,0,0,0.0,0,
endoscopia para retirar calculo biliar,NONE,Endoscopia,Endoscopy - Core,1,0,0,0.0,0,
endoscopia para ver vesicula,NONE,Endoscopia,Endoscopy - Core,1,0,0,0.0,0,
endoscopia pediatrica,NONE,Endoscopia,Endoscopy - Core,1,0,0,0.0,0,
endoscopia polipos,NONE,Endoscopia,Endoscopy - Core,2,0,0,0.0,0,
endoscopia por gastritis,NONE,Endoscopia,Endoscopy - Core,1,0,0,0.0,0,
endoscopia porque se realiza,NONE,Endoscopia,Endoscopy - Core,4,0,0,0.0,0,
endoscopia preparación,NONE,Endoscopia,Endoscopy - Core,1,0,0,0.0,0,
endoscopia que detecta,NONE,Endoscopia,Endoscopy - Core,14,0,0,0.0,0,
endoscopia que es y como se hace,NONE,Endoscopia,Endoscopy - Core,6,0,0,0.0,0,
endoscopia que es y para que sirve,NONE,Endoscopia,Endoscopy - Core,36,0,0,0.0,0,
endoscopia que hacer despues,NONE,Endoscopia,Endoscopy - Core,1,0,0,0.0,0,
endoscopia que medico lo hace,NONE,Endoscopia,Endoscopy - Core,2,0,0,0.0,0,
endoscopia que puede detectar,NONE,Endoscopia,Endoscopy - Core,1,0,0,0.0,0,
endoscopia que se siente,NONE,Endoscopia,Endoscopy - Core,1,0,0,0.0,0,
endoscopia quien la hace,NONE,Endoscopia,Endoscopy - Core,2,0,0,0.0,0,
endoscopia r34,NONE,Endoscopia,Endoscopy - Core,2,0,0,0.0,0,
endoscopia reflujo,NONE,Endoscopia,Endoscopy - Core,1,0,0,0.0,0,
endoscopia requiere anestesia,NONE,Endoscopia,Endoscopy - Core,1,0,0,0.0,0,
endoscopia requisitos,NONE,Endoscopia,Endoscopy - Core,1,0,0,0.0,0,
endoscopia resultados tiempo,NONE,Endoscopia,Endoscopy - Core,1,0,0,0.0,0,
endoscopia riesgos,NONE,Endoscopia,Endoscopy - Core,1,0,0,0.0,0,
endoscopia rigida,NONE,Endoscopia,Endoscopy - Core,1,0,0,0.0,0,
endoscopia se necesita anestesia,NONE,Endoscopia,Endoscopy - Core,1,0,0,0.0,0,
endoscopia sedacion,NONE,Endoscopia,Endoscopy - Core,3,0,0,0.0,0,
endoscopia significado medico,NONE,Endoscopia,Endoscopy - Core,1,0,0,0.0,0,
endoscopia similares,NONE,Endoscopia,Endoscopy - Core,2,0,0,0.0,0,
endoscopia simple,NONE,Endoscopia,Endoscopy - Core,1,0,0,0.0,0,
endoscopia sin anestesia,NONE,Endoscopia,Endoscopy - Core,3,0,0,0.0,0,
endoscopia sin anestesia duele,NONE,Endoscopia,Endoscopy - Core,2,0,0,0.0,0,
endoscopia superior,NONE,Endoscopia,Endoscopy - Core,15,0,0,0.0,0,
endoscopia superior con biopsia,NONE,Endoscopia,Endoscopy - Core,3,0,0,0.0,0,
endoscopia superior procedimiento,NONE,Endoscopia,Endoscopy - Core,1,0,0,0.0,0,
endoscopia terapeutica,NONE,Endoscopia,Endoscopy - Core,2,0,0,0.0,0,
endoscopia tiempo de duracion,NONE,Endoscopia,Endoscopy - Core,1,0,0,0.0,0,
endoscopia tubo digestivo,NONE,Endoscopia,Endoscopy - Core,2,0,0,0.0,0,
endoscopia ultrasonido,NONE,Endoscopia,Endoscopy - Core,1,0,0,0.0,0,
endoscopia vesicula,NONE,Endoscopia,Endoscopy - Core,2,0,0,0.0,0,
endoscopia video,NONE,Endoscopia,Endoscopy - Core,1,0,0,0.0,0,
endoscopia video real,NONE,Endoscopia,Endoscopy - Core,4,0,0,0.0,0,
endoscopia virtual por tomografía,NONE,Endoscopia,Endoscopy - Core,2,0,0,0.0,0,
endoscopia y biopsia,NONE,Endoscopia,Endoscopy - Core,1,0,0,0.0,0,
endoscopia y gastroscopia es lo mismo,NONE,Endoscopia,Endoscopy - Core,1,0,0,0.0,0,
endoscopia y panendoscopia,NONE,Endoscopia,Endoscopy - Core,1,0,0,0.0,0,
endoscopias cerca de mi,NONE,Endoscopia,Endoscopy - Core,3,0,0,0.0,0,
endoscopias que es,NONE,Endoscopia,Endoscopy - Core,1,0,0,0.0,0,
endoscopica,NONE,Endoscopia,Endoscopy - Core,1,0,0,0.0,0,
endoscopico,NONE,Endoscopia,Endoscopy - Core,4,0,0,0.0,0,
endoscopio gastrointestinal,NONE,Endoscopia,Endoscopy - Core,2,0,0,0.0,0,
endoscopio y colonoscopio,NONE,Endoscopia,Endoscopy - Core,1,0,0,0.0,0,
endoscopista gastroenterologo,NONE,Endoscopia,Endoscopy - Core,4,0,0,0.0,0,
endoscopista gastrointestinal,NONE,Endoscopia,Endoscopy - Core,8,0,0,0.0,0,
endoscopista que es,NONE,Endoscopia,Endoscopy - Core,1,0,0,0.0,0,
endoscopy,NONE,Endoscopia,Endoscopy - Core,10,0,0,0.0,0,
endoscopy price,NONE,Endoscopia,Endoscopy - Core,2,0,0,0.0,0,
endoscopía digestiva alta,NONE,Endoscopia,Endoscopy - Core,4,0,0,0.0,0,
endoscopía gastrica,NONE,Endoscopia,Endoscopy - Core,3,0,0,0.0,0,
endoscopía gastrointestinal superior,NONE,Endoscopia,Endoscopy - Core,1,0,0,0.0,0,
endoscopía procedimiento,NONE,Endoscopia,Endoscopy - Core,1,0,0,0.0,0,
endoscopía y colonoscopia,NONE,Endoscopia,Endoscopy - Core,2,0,0,0.0,0,
endoscópica,NONE,Endoscopia,Endoscopy - Core,2,0,0,0.0,0,
enteroscopia,NONE,Endoscopia,Endoscopy - Core,1,0,0,0.0,0,
enteroscopia con balon,NONE,Endoscopia,Endoscopy - Core,1,0,0,0.0,0,
ercp,NONE,Endoscopia,Endoscopy - Core,1,0,0,0.0,0,
eroscopia,NONE,Endoscopia,Endoscopy - Core,1,0,0,0.0,0,
es bueno hacerse una endoscopia,NONE,Endoscopia,Endoscopy - Core,1,0,0,0.0,0,
es endoscopia,NONE,Endoscopia,Endoscopy - Core,1,0,0,0.0,0,
es lo mismo endoscopia que panendoscopia,NONE,Endoscopia,Endoscopy - Core,1,0,0,0.0,0,
es peligrosa una endoscopia,NONE,Endoscopia,Endoscopy - Core,1,0,0,0.0,0,
es peligroso realizarse una endoscopia,NONE,Endoscopia,Endoscopy - Core,1,0,0,0.0,0,
esfinterotomía endoscópica,NONE,Endoscopia,Endoscopy - Core,3,0,0,0.0,0,
esofago gastro duodenoscopia,NONE,Endoscopia,Endoscopy - Core,1,0,0,0.0,0,
esofagogastroduodenoscopia preparacion,NONE,Endoscopia,Endoscopy - Core,3,0,0,0.0,0,
esofagogastroduodenoscopia salud digna,NONE,Endoscopia,Endoscopy - Core,4,0,0,0.0,0,
especialista en endoscopia,NONE,Endoscopia,Endoscopy - Core,2,0,0,0.0,0,
estocopia,NONE,Endoscopia,Endoscopy - Core,2,0,0,0.0,0,
estomago endoscopia,NONE,Endoscopia,Endoscopy - Core,2,0,0,0.0,0,
estomago endoscopia ulcera,NONE,Endoscopia,Endoscopy - Core,2,0,0,0.0,0,
estudio camara por la boca,NONE,Endoscopia,Endoscopy - Core,1,0,0,0.0,0,
estudio cepra,NONE,Endoscopia,Endoscopy - Core,1,0,0,0.0,0,
estudio cepre,NONE,Endoscopia,Endoscopy - Core,8,0,0,0.0,0,
estudio con capsula endoscopica,NONE,Endoscopia,Endoscopy - Core,1,0,0,0.0,0,
estudio cpre,NONE,Endoscopia,Endoscopy - Core,2,0,0,0.0,0,
estudio de camara en el estomago,NONE,Endoscopia,Endoscopy - Core,1,0,0,0.0,0,
estudio de cepre,NONE,Endoscopia,Endoscopy - Core,1,0,0,0.0,0,
estudio de cpre,NONE,Endoscopia,Endoscopy - Core,1,0,0,0.0,0,
estudio de endoscopia en salud digna,NONE,Endoscopia,Endoscopy - Core,11,0,0,0.0,0,
estudio de estomago,NONE,Endoscopia,Endoscopy - Core,1,0,0,0.0,0,
estudio de estómago,NONE,Endoscopia,Endoscopy - Core,2,0,0,0.0,0,
estudio de gastroscopia,NONE,Endoscopia,Endoscopy - Core,2,0,0,0.0,0,
estudio de la cámara en el estomago,NONE,Endoscopia,Endoscopy - Core,1,0,0,0.0,0,
estudio del estomago como se llama,NONE,Endoscopia,Endoscopy - Core,1,0,0,0.0,0,
estudio del estomago e intestinos,NONE,Endoscopia,Endoscopy - Core,2,0,0,0.0,0,
estudio del estómago como se llama,NONE,Endoscopia,Endoscopy - Core,6,0,0,0.0,0,
estudio del estómago con camara,NONE,Endoscopia,Endoscopy - Core,2,0,0,0.0,0,
estudio donde meten camara por la boca,NONE,Endoscopia,Endoscopy - Core,1,0,0,0.0,0,
estudio donde te meten una camara por la boca,NONE,Endoscopia,Endoscopy - Core,3,0,0,0.0,0,
estudio egd,NONE,Endoscopia,Endoscopy - Core,2,0,0,0.0,0,
estudio endoscopia,NONE,Endoscopia,Endoscopy - Core,14,0,0,0.0,0,
estudio estomago camara,NONE,Endoscopia,Endoscopy - Core,3,0,0,0.0,0,
estudio para revisar el estómago,NONE,Endoscopia,Endoscopy - Core,2,0,0,0.0,0,
estudio para ver el estomago,NONE,Endoscopia,Endoscopy - Core,10,0,0,0.0,0,
estudio para ver el estomago por dentro,NONE,Endoscopia,Endoscopy - Core,2,0,0,0.0,0,
estudio para ver estomago,NONE,Endoscopia,Endoscopy - Core,2,0,0,0.0,0,
estudio que meten una camara por la boca,NONE,Endoscopia,Endoscopy - Core,2,0,0,0.0,0,
estudio que te meten a una capsula,NONE,Endoscopia,Endoscopy - Core,1,0,0,0.0,0,
estudio que te meten camara por la boca,NONE,Endoscopia,Endoscopy - Core,1,0,0,0.0,0,
estudio que te meten un tubo por la boca,NONE,Endoscopia,Endoscopy - Core,1,0,0,0.0,0,
estudio que te meten una camara por la boca,NONE,Endoscopia,Endoscopy - Core,4,0,0,0.0,0,
estudio que te meten una camarita por la boca,NONE,Endoscopia,Endoscopy - Core,2,0,0,0.0,0,
estudio sepre,NONE,Endoscopia,Endoscopy - Core,3,0,0,0.0,0,
estudios de cpre,NONE,Endoscopia,Endoscopy - Core,1,0,0,0.0,0,
estudios de endoscopia,NONE,Endoscopia,Endoscopy - Core,1,0,0,0.0,0,
estudios de estomago como se llama,NONE,Endoscopia,Endoscopy - Core,1,0,0,0.0,0,
estudios del estomago,NONE,Endoscopia,Endoscopy - Core,2,0,0,0.0,0,
esófagogastroduodenoscopia,NONE,Endoscopia,Endoscopy - Core,2,0,0,0.0,0,
examen de endoscopia,NONE,Endoscopia,Endoscopy - Core,2,0,0,0.0,0,
examen de estomago como se llama,NONE,Endoscopia,Endoscopy - Core,3,0,0,0.0,0,
examen de estómago como se llama,NONE,Endoscopia,Endoscopy - Core,2,0,0,0.0,0,
examen del estomago,NONE,Endoscopia,Endoscopy - Core,2,0,0,0.0,0,
examen para revisar el estomago,NONE,Endoscopia,Endoscopy - Core,1,0,0,0.0,0,
gastritis endoscopia,NONE,Endoscopia,Endoscopy - Core,1,0,0,0.0,0,
gastro endoscopista,NONE,Endoscopia,Endoscopy - Core,3,0,0,0.0,0,
gastroendoscopia,NONE,Endoscopia,Endoscopy - Core,11,0,0,0.0,0,
gastroenterologo y endoscopista,NONE,Endoscopia,Endoscopy - Core,1,0,0,0.0,0,
gastroenterólogo endoscopista,NONE,Endoscopia,Endoscopy - Core,3,0,0,0.0,0,
gastroscopia es lo mismo que endoscopia,NONE,Endoscopia,Endoscopy - Core,1,0,0,0.0,0,
gastroscopia que es,NONE,Endoscopia,Endoscopy - Core,1,0,0,0.0,0,
hacen endoscopias en salud digna,NONE,Endoscopia,Endoscopy - Core,1,0,0,0.0,0,
hacer endoscopia digestiva,NONE,Endoscopia,Endoscopy - Core,2,0,0,0.0,0,
hasta donde llega la endoscopia,NONE,Endoscopia,Endoscopy - Core,1,0,0,0.0,0,
helicobacter pylori endoscopia,NONE,Endoscopia,Endoscopy - Core,1,0,0,0.0,0,
hernia de hiato endoscopia,NONE,Endoscopia,Endoscopy - Core,1,0,0,0.0,0,
hernia hiatal endoscopia,NONE,Endoscopia,Endoscopy - Core,1,0,0,0.0,0,
hiato cerrado endoscopia,NONE,Endoscopia,Endoscopy - Core,2,0,0,0.0,0,
imágenes endoscopia úlcera gástrica,NONE,Endoscopia,Endoscopy - Core,1,0,0,0.0,0,
indicaciones para endoscopia,NONE,Endoscopia,Endoscopy - Core,2,0,0,0.0,0,
indicaciones para endoscopia digestiva,NONE,Endoscopia,Endoscopy - Core,1,0,0,0.0,0,
indicaciones para realizar una endoscopia,NONE,Endoscopia,Endoscopy - Core,2,0,0,0.0,0,
indicaciones para una endoscopia,NONE,Endoscopia,Endoscopy - Core,6,0,0,0.0,0,
indicaciones previas a endoscopia,NONE,Endoscopia,Endoscopy - Core,1,0,0,0.0,0,
k es endoscopia,NONE,Endoscopia,Endoscopy - Core,1,0,0,0.0,0,
la endoscopia duele,NONE,Endoscopia,Endoscopy - Core,4,0,0,0.0,0,
la endoscopia es ambulatoria,NONE,Endoscopia,Endoscopy - Core,1,0,0,0.0,0,
la endoscopia lleva anestesia,NONE,Endoscopia,Endoscopy - Core,1,0,0,0.0,0,
la endoscopia para que sirve,NONE,Endoscopia,Endoscopy - Core,2,0,0,0.0,0,
la endoscopia que es,NONE,Endoscopia,Endoscopy - Core,1,0,0,0.0,0,
la endoscopia se hace con anestesia,NONE,Endoscopia,Endoscopy - Core,3,0,0,0.0,0,
la endoscopia sirve para detectar cancer,NONE,Endoscopia,Endoscopy - Core,1,0,0,0.0,0,
laboratorios que realizan endoscopia,NONE,Endoscopia,Endoscopy - Core,1,0,0,0.0,0,
laparoscopia endoscopica,NONE,Endoscopia,Endoscopy - Core,2,0,0,0.0,0,
los resultados de la endoscopia son inmediatos,NONE,Endoscopia,Endoscopy - Core,1,0,0,0.0,0,
lugar donde hacen endoscopia,NONE,Endoscopia,Endoscopy - Core,2,0,0,0.0,0,
lugares donde realizan endoscopia,NONE,Endoscopia,Endoscopy - Core,1,0,0,0.0,0,
lugares para hacer endoscopia,NONE,Endoscopia,Endoscopy - Core,6,0,0,0.0,0,
mallory weiss endoscopia,NONE,Endoscopia,Endoscopy - Core,1,0,0,0.0,0,
medico endoscopia,NONE,Endoscopia,Endoscopy - Core,2,0,0,0.0,0,
medico endoscopista,NONE,Endoscopia,Endoscopy - Core,1,0,0,0.0,0,
monoscopia,NONE,Endoscopia,Endoscopy - Core,1,0,0,0.0,0,
nescopia,NONE,Endoscopia,Endoscopy - Core,1,0,0,0.0,0,
operación con endoscopia,NONE,Endoscopia,Endoscopy - Core,2,0,0,0.0,0,
operación de endoscopia,NONE,Endoscopia,Endoscopy - Core,1,0,0,0.0,0,
opiniones de centro endoscópico de oriente,NONE,Endoscopia,Endoscopy - Core,1,0,0,0.0,0,
panedoscopia,NONE,Endoscopia,Endoscopy - Core,2,0,0,0.0,0,
panendo,NONE,Endoscopia,Endoscopy - Core,1,0,0,0.0,0,
panendoscopia chopo,NONE,Endoscopia,Endoscopy - Core,2,0,0,0.0,0,
panendoscopia con sedación,NONE,Endoscopia,Endoscopy - Core,1,0,0,0.0,0,
panendoscopia con toma de biopsia,NONE,Endoscopia,Endoscopy - Core,12,0,0,0.0,0,
panendoscopia diagnostica,NONE,Endoscopia,Endoscopy - Core,3,0,0,0.0,0,
panendoscopia es lo mismo que endoscopia,NONE,Endoscopia,Endoscopy - Core,1,0,0,0.0,0,
panendoscopia gastritis,NONE,Endoscopia,Endoscopy - Core,2,0,0,0.0,0,
panendoscopia oral,NONE,Endoscopia,Endoscopy - Core,2,0,0,0.0,0,
panendoscopia para que sirve,NONE,Endoscopia,Endoscopy - Core,2,0,0,0.0,0,
panendoscopia que es y para que sirve,NONE,Endoscopia,Endoscopy - Core,4,0,0,0.0,0,
panendoscopia y colonoscopia,NONE,Endoscopia,Endoscopy - Core,4,0,0,0.0,0,
panendoscopia y endoscopia diferencia,NONE,Endoscopia,Endoscopy - Core,1,0,0,0.0,0,
panendoscopia y endoscopia es lo mismo,NONE,Endoscopia,Endoscopy - Core,11,0,0,0.0,0,
panendoscopias,NONE,Endoscopia,Endoscopy - Core,2,0,0,0.0,0,
panendoscopía que es,NONE,Endoscopia,Endoscopy - Core,1,0,0,0.0,0,
panoscopia,NONE,Endoscopia,Endoscopy - Core,9,0,0,0.0,0,
para endoscopia,NONE,Endoscopia,Endoscopy - Core,4,0,0,0.0,0,
para hacer endoscopia te anestesian,NONE,Endoscopia,Endoscopy - Core,2,0,0,0.0,0,
para hacerse una endoscopia hay que ir en ayuna,NONE,Endoscopia,Endoscopy - Core,1,0,0,0.0,0,
para la endoscopia es en ayunas,NONE,Endoscopia,Endoscopy - Core,1,0,0,0.0,0,
para que endoscopia,NONE,Endoscopia,Endoscopy - Core,1,0,0,0.0,0,
para que es el estudio cpre,NONE,Endoscopia,Endoscopy - Core,1,0,0,0.0,0,
para que es el estudio de endoscopia,NONE,Endoscopia,Endoscopy - Core,1,0,0,0.0,0,
para que es la endoscopia,NONE,Endoscopia,Endoscopy - Core,6,0,0,0.0,0,
para que es la endoscopia en el estomago,NONE,Endoscopia,Endoscopy - Core,1,0,0,0.0,0,
para que es una endoscopia,NONE,Endoscopia,Endoscopy - Core,4,0,0,0.0,0,
para que es una endoscopia digestiva,NONE,Endoscopia,Endoscopy - Core,1,0,0,0.0,0,
para que se hace endoscopia,NONE,Endoscopia,Endoscopy - Core,1,0,0,0.0,0,
para que se hace la endoscopia,NONE,Endoscopia,Endoscopy - Core,1,0,0,0.0,0,
para que se hace una esofagogastroduodenoscopia,NONE,Endoscopia,Endoscopy - Core,1,0,0,0.0,0,
para que sirve el estudio cepre,NONE,Endoscopia,Endoscopy - Core,1,0,0,0.0,0,
para que sirve el estudio de endoscopia,NONE,Endoscopia,Endoscopy - Core,5,0,0,0.0,0,
para que sirve endoscopia digestiva,NONE,Endoscopia,Endoscopy - Core,2,0,0,0.0,0,
para que sirve la colonoscopia y endoscopia,NONE,Endoscopia,Endoscopy - Core,2,0,0,0.0,0,
para que sirve la endoscopia al estomago,NONE,Endoscopia,Endoscopy - Core,2,0,0,0.0,0,
para que sirve la panendoscopia,NONE,Endoscopia,Endoscopy - Core,4,0,0,0.0,0,
para que sirve una cpre,NONE,Endoscopia,Endoscopy - Core,1,0,0,0.0,0,
para que sirven las endoscopias,NONE,Endoscopia,Endoscopy - Core,2,0,0,0.0,0,
para qué es la endoscopia,NONE,Endoscopia,Endoscopy - Core,1,0,0,0.0,0,
para qué sirve la endoscopia,NONE,Endoscopia,Endoscopy - Core,4,0,0,0.0,0,
para realizar una endoscopia te duermen,NONE,Endoscopia,Endoscopy - Core,1,0,0,0.0,0,
para una endoscopia cuantas horas de ayuno,NONE,Endoscopia,Endoscopy - Core,1,0,0,0.0,0,
para una endoscopia se debe ir en ayunas,NONE,Endoscopia,Endoscopy - Core,2,0,0,0.0,0,
polipectomia endoscopica,NONE,Endoscopia,Endoscopy - Core,2,0,0,0.0,0,
polipos endoscopia,NONE,Endoscopia,Endoscopy - Core,1,0,0,0.0,0,
por donde se hace la endoscopia,NONE,Endoscopia,Endoscopy - Core,2,0,0,0.0,0,
por qué se hace una endoscopia,NONE,Endoscopia,Endoscopy - Core,2,0,0,0.0,0,
porque hacen la endoscopia,NONE,Endoscopia,Endoscopy - Core,1,0,0,0.0,0,
porque se hace una endoscopia,NONE,Endoscopia,Endoscopy - Core,4,0,0,0.0,0,
porque se toma biopsia en una endoscopia,NONE,Endoscopia,Endoscopy - Core,1,0,0,0.0,0,
porque te mandan hacer una endoscopia,NONE,Endoscopia,Endoscopy - Core,1,0,0,0.0,0,
pre endoscopia,NONE,Endoscopia,Endoscopy - Core,2,0,0,0.0,0,
preparacion para endoscopia,NONE,Endoscopia,Endoscopy - Core,9,0,0,0.0,0,
preparacion previa para endoscopia,NONE,Endoscopia,Endoscopy - Core,2,0,0,0.0,0,
preparación para endoscopia con sedación,NONE,Endoscopia,Endoscopy - Core,2,0,0,0.0,0,
preparación para endoscopia y colonoscopia,NONE,Endoscopia,Endoscopy - Core,2,0,0,0.0,0,
preparación para una endoscopia,NONE,Endoscopia,Endoscopy - Core,4,0,0,0.0,0,
preparativos para una endoscopia,NONE,Endoscopia,Endoscopy - Core,2,0,0,0.0,0,
presio de una endoscopia,NONE,Endoscopia,Endoscopy - Core,1,0,0,0.0,0,
procedimiento cpre para que sirve,NONE,Endoscopia,Endoscopy - Core,1,0,0,0.0,0,
procedimiento cpre que es,NONE,Endoscopia,Endoscopy - Core,2,0,0,0.0,0,
procedimiento de cpre,NONE,Endoscopia,Endoscopy - Core,1,0,0,0.0,0,
procedimiento de endoscopia,NONE,Endoscopia,Endoscopy - Core,3,0,0,0.0,0,
procedimiento de una endoscopia,NONE,Endoscopia,Endoscopy - Core,3,0,0,0.0,0,
procedimiento endoscopico,NONE,Endoscopia,Endoscopy - Core,2,0,0,0.0,0,
procedimiento para una endoscopia gastrica,NONE,Endoscopia,Endoscopy - Core,2,0,0,0.0,0,
procedimientos de endoscopia,NONE,Endoscopia,Endoscopy - Core,1,0,0,0.0,0,
procedimientos endoscopicos en gastroenterologia,NONE,Endoscopia,Endoscopy - Core,2,0,0,0.0,0,
protocolo sydney endoscopia,NONE,Endoscopia,Endoscopy - Core,2,0,0,0.0,0,
prueba cpre,NONE,Endoscopia,Endoscopy - Core,1,0,0,0.0,0,
prueba gastroscopia,NONE,Endoscopia,Endoscopy - Core,1,0,0,0.0,0,
que detecta una endoscopia de estomago,NONE,Endoscopia,Endoscopy - Core,1,0,0,0.0,0,
que doctor hace la endoscopia,NONE,Endoscopia,Endoscopy - Core,1,0,0,0.0,0,
que es colangiopancreatografía retrógrada endoscópica,NONE,Endoscopia,Endoscopy - Core,3,0,0,0.0,0,
que es cpre,NONE,Endoscopia,Endoscopy - Core,2,0,0,0.0,0,
que es el cpre,NONE,Endoscopia,Endoscopy - Core,1,0,0,0.0,0,
que es el endoscopia,NONE,Endoscopia,Endoscopy - Core,1,0,0,0.0,0,
que es el estudio clinico cpre,NONE,Endoscopia,Endoscopy - Core,1,0,0,0.0,0,
que es el estudio de endoscopia,NONE,Endoscopia,Endoscopy - Core,1,0,0,0.0,0,
que es el examen de endoscopia,NONE,Endoscopia,Endoscopy - Core,1,0,0,0.0,0,
que es endoscopia cpre,NONE,Endoscopia,Endoscopy - Core,1,0,0,0.0,0,
que es endoscopia digestiva,NONE,Endoscopia,Endoscopy - Core,2,0,0,0.0,0,
que es endoscopia por donde se hace,NONE,Endoscopia,Endoscopy - Core,1,0,0,0.0,0,
que es endoscopia superior,NONE,Endoscopia,Endoscopy - Core,1,0,0,0.0,0,
que es esofagogastroduodenoscopia,NONE,Endoscopia,Endoscopy - Core,1,0,0,0.0,0,
que es gastroscopia,NONE,Endoscopia,Endoscopy - Core,1,0,0,0.0,0,
que es la cepre,NONE,Endoscopia,Endoscopy - Core,3,0,0,0.0,0,
que es la cpre,NONE,Endoscopia,Endoscopy - Core,5,0,0,0.0,0,
que es la endoscopia alta y baja,NONE,Endoscopia,Endoscopy - Core,1,0,0,0.0,0,
que es la endoscopia digestiva alta,NONE,Endoscopia,Endoscopy - Core,2,0,0,0.0,0,
que es la endoscopia gastrointestinal,NONE,Endoscopia,Endoscopy - Core,2,0,0,0.0,0,
que es la endoscopia y como se realiza,NONE,Endoscopia,Endoscopy - Core,1,0,0,0.0,0,
que es la panendoscopia oral,NONE,Endoscopia,Endoscopy - Core,2,0,0,0.0,0,
que es la telescopia,NONE,Endoscopia,Endoscopy - Core,2,0,0,0.0,0,
que es panendoscopia,NONE,Endoscopia,Endoscopy - Core,20,0,0,0.0,0,
que es polipectomia endoscopica,NONE,Endoscopia,Endoscopy - Core,1,0,0,0.0,0,
que es tratamiento endoscopico,NONE,Endoscopia,Endoscopy - Core,1,0,0,0.0,0,
que es un cpre,NONE,Endoscopia,Endoscopy - Core,2,0,0,0.0,0,
que es un endoscopista,NONE,Endoscopia,Endoscopy - Core,2,0,0,0.0,0,
que es un estudio de endoscopia,NONE,Endoscopia,Endoscopy - Core,1,0,0,0.0,0,
que es un ultrasonido endoscopico,NONE,Endoscopia,Endoscopy - Core,3,0,0,0.0,0,
que es una biopsia endoscopica,NONE,Endoscopia,Endoscopy - Core,1,0,0,0.0,0,
que es una cepre,NONE,Endoscopia,Endoscopy - Core,2,0,0,0.0,0,
que es una colonoscopia y endoscopia,NONE,Endoscopia,Endoscopy - Core,2,0,0,0.0,0,
que es una cpre,NONE,Endoscopia,Endoscopy - Core,4,0,0,0.0,0,
que es una cpre y como se hace,NONE,Endoscopia,Endoscopy - Core,1,0,0,0.0,0,
que es una endoscopia con biopsia,NONE,Endoscopia,Endoscopy - Core,1,0,0,0.0,0,
que es una endoscopia gastrica,NONE,Endoscopia,Endoscopy - Core,1,0,0,0.0,0,
que es una endoscopia gastrointestinal,NONE,Endoscopia,Endoscopy - Core,1,0,0,0.0,0,
que es una endoscopia superior,NONE,Endoscopia,Endoscopy - Core,1,0,0,0.0,0,
que es una endoscopia y como se hace,NONE,Endoscopia,Endoscopy - Core,5,0,0,0.0,0,
que es una endoscopia y como se realiza,NONE,Endoscopia,Endoscopy - Core,5,0,0,0.0,0,
que es una endoscopia y para que sirve,NONE,Endoscopia,Endoscopy - Core,2,0,0,0.0,0,
que es una endoscopía,NONE,Endoscopia,Endoscopy - Core,2,0,0,0.0,0,
que es una escopia,NONE,Endoscopia,Endoscopy - Core,1,0,0,0.0,0,
que es una esofagogastroduodenoscopia,NONE,Endoscopia,Endoscopy - Core,2,0,0,0.0,0,
que es una panendoscopia con biopsia,NONE,Endoscopia,Endoscopy - Core,1,0,0,0.0,0,
que estudio es el cpre,NONE,Endoscopia,Endoscopy - Core,1,0,0,0.0,0,
que estudio es la endoscopia,NONE,Endoscopia,Endoscopy - Core,1,0,0,0.0,0,
que hacen en una endoscopia,NONE,Endoscopia,Endoscopy - Core,1,0,0,0.0,0,
que hacer para una endoscopia,NONE,Endoscopia,Endoscopy - Core,1,0,0,0.0,0,
que medico hace la endoscopia,NONE,Endoscopia,Endoscopy - Core,2,0,0,0.0,0,
que medico hace una endoscopia,NONE,Endoscopia,Endoscopy - Core,2,0,0,0.0,0,
que riesgos tiene una endoscopia,NONE,Endoscopia,Endoscopy - Core,2,0,0,0.0,0,
que se hace en endoscopia,NONE,Endoscopia,Endoscopy - Core,1,0,0,0.0,0,
que se hace en una endoscopia,NONE,Endoscopia,Endoscopy - Core,1,0,0,0.0,0,
que se puede observar en una endoscopia,NONE,Endoscopia,Endoscopy - Core,1,0,0,0.0,0,
que se puede ver en una endoscopia digestiva,NONE,Endoscopia,Endoscopy - Core,1,0,0,0.0,0,
que se ve en una endoscopia,NONE,Endoscopia,Endoscopy - Core,1,0,0,0.0,0,
que se ve en una endoscopia gastrica,NONE,Endoscopia,Endoscopy - Core,1,0,0,0.0,0,
que tan peligroso es una endoscopia,NONE,Endoscopia,Endoscopy - Core,1,0,0,0.0,0,
que tiempo tarda una endoscopia,NONE,Endoscopia,Endoscopy - Core,1,0,0,0.0,0,
que tipo de estudio es la endoscopia,NONE,Endoscopia,Endoscopy - Core,1,0,0,0.0,0,
quien hace endoscopia,NONE,Endoscopia,Endoscopy - Core,2,0,0,0.0,0,
quien hace la endoscopia digestiva,NONE,Endoscopia,Endoscopy - Core,1,0,0,0.0,0,
quien hace las endoscopias,NONE,Endoscopia,Endoscopy - Core,2,0,0,0.0,0,
quien realiza endoscopia,NONE,Endoscopia,Endoscopy - Core,1,0,0,0.0,0,
qué endoscopia,NONE,Endoscopia,Endoscopy - Core,2,0,0,0.0,0,
qué es el cpre,NONE,Endoscopia,Endoscopy - Core,1,0,0,0.0,0,
qué es el endoscopia,NONE,Endoscopia,Endoscopy - Core,1,0,0,0.0,0,
qué es endoscopia y para qué sirve,NONE,Endoscopia,Endoscopy - Core,2,0,0,0.0,0,
qué es la panendoscopia,NONE,Endoscopia,Endoscopy - Core,7,0,0,0.0,0,
qué es un endoscopia,NONE,Endoscopia,Endoscopy - Core,3,0,0,0.0,0,
qué es una escopia,NONE,Endoscopia,Endoscopy - Core,8,0,0,0.0,0,
qué significa endoscopia,NONE,Endoscopia,Endoscopy - Core,2,0,0,0.0,0,
realizacion de endoscopia,NONE,Endoscopia,Endoscopy - Core,2,0,0,0.0,0,
realizan endoscopia en salud digna,NONE,Endoscopia,Endoscopy - Core,1,0,0,0.0,0,
realizar endoscopia,NONE,Endoscopia,Endoscopy - Core,2,0,0,0.0,0,
receta de endoscopia,NONE,Endoscopia,Endoscopy - Core,1,0,0,0.0,0,
requisitos para la endoscopia,NONE,Endoscopia,Endoscopy - Core,1,0,0,0.0,0,
requisitos para una endoscopia digestiva,NONE,Endoscopia,Endoscopy - Core,2,0,0,0.0,0,
reseccion endoscopica,NONE,Endoscopia,Endoscopy - Core,1,0,0,0.0,0,
resultados de endoscopia,NONE,Endoscopia,Endoscopy - Core,1,0,0,0.0,0,
resultados de una endoscopia,NONE,Endoscopia,Endoscopy - Core,1,0,0,0.0,0,
revision de estomago con camara,NONE,Endoscopia,Endoscopy - Core,1,0,0,0.0,0,
revision del estomago,NONE,Endoscopia,Endoscopy - Core,1,0,0,0.0,0,
richard wolf endoscopia,NONE,Endoscopia,Endoscopy - Core,1,0,0,0.0,0,
riesgo de la endoscopia,NONE,Endoscopia,Endoscopy - Core,2,0,0,0.0,0,
riesgos de una endoscopia,NONE,Endoscopia,Endoscopy - Core,1,0,0,0.0,0,
salud digna hacen endoscopia,NONE,Endoscopia,Endoscopy - Core,5,0,0,0.0,0,
salud digna panendoscopia,NONE,Endoscopia,Endoscopy - Core,1,0,0,0.0,0,
salud digna tiene endoscopia,NONE,Endoscopia,Endoscopy - Core,2,0,0,0.0,0,
se puede hacer endoscopia y colonoscopia al mismo tiempo,NONE,Endoscopia,Endoscopy - Core,2,0,0,0.0,0,
se puede hacer una endoscopia con tos,NONE,Endoscopia,Endoscopy - Core,1,0,0,0.0,0,
se puede hacer una endoscopia y colonoscopia juntas,NONE,Endoscopia,Endoscopy - Core,3,0,0,0.0,0,
sedacion para endoscopia,NONE,Endoscopia,Endoscopy - Core,2,0,0,0.0,0,
sedación para endoscopia,NONE,Endoscopia,Endoscopy - Core,2,0,0,0.0,0,
serie esofagogastroduodenal salud digna,NONE,Endoscopia,Endoscopy - Core,3,0,0,0.0,0,
siempre se hace biopsia en una endoscopia,NONE,Endoscopia,Endoscopy - Core,1,0,0,0.0,0,
significado de endoscopia,NONE,Endoscopia,Endoscopy - Core,3,0,0,0.0,0,
spyglass endoscopia,NONE,Endoscopia,Endoscopy - Core,2,0,0,0.0,0,
telescopia medica,NONE,Endoscopia,Endoscopy - Core,8,0,0,0.0,0,
tiempo de una endoscopia,NONE,Endoscopia,Endoscopy - Core,2,0,0,0.0,0,
tipos de endoscopia pdf,NONE,Endoscopia,Endoscopy - Core,1,0,0,0.0,0,
tipos de endoscopias,NONE,Endoscopia,Endoscopy - Core,2,0,0,0.0,0,
todo sobre endoscopia,NONE,Endoscopia,Endoscopy - Core,2,0,0,0.0,0,
tratamiento endoscopico,NONE,Endoscopia,Endoscopy - Core,1,0,0,0.0,0,
ueg endoscopia,NONE,Endoscopia,Endoscopy - Core,2,0,0,0.0,0,
ulcera gastrica endoscopia,NONE,Endoscopia,Endoscopy - Core,1,0,0,0.0,0,
ulcera gastrica maligna endoscopia,NONE,Endoscopia,Endoscopy - Core,1,0,0,0.0,0,
ultrasonido endoscópico,NONE,Endoscopia,Endoscopy - Core,2,0,0,0.0,0,
una endoscopia,NONE,Endoscopia,Endoscopy - Core,5,0,0,0.0,0,
una endoscopia es peligrosa,NONE,Endoscopia,Endoscopy - Core,1,0,0,0.0,0,
usg endoscopico,NONE,Endoscopia,Endoscopy - Core,2,0,0,0.0,0,
video endoscopia,NONE,Endoscopia,Endoscopy - Core,1,0,0,0.0,0,
videoendoscopia,NONE,Endoscopia,Endoscopy - Core,5,0,0,0.0,0,
what is endoscopy,NONE,Endoscopia,Endoscopy - Core,1,0,0,0.0,0,
úlcera gástrica endoscopia,NONE,Endoscopia,Endoscopy - Core,2,0,0,0.0,0,
a que se deben las varices esofagicas,NONE,Ligadura Esofagica,Ligadura Esofagica,6,0,0,0.0,0,
balon para varices esofagicas,NONE,Ligadura Esofagica,Ligadura Esofagica,2,0,0,0.0,0,
causa de las varices esofagicas,NONE,Ligadura Esofagica,Ligadura Esofagica,2,0,0,0.0,0,
causa de varices esofagicas,NONE,Ligadura Esofagica,Ligadura Esofagica,2,0,0,0.0,0,
cirrosis hepatica y varices esofagicas,NONE,Ligadura Esofagica,Ligadura Esofagica,1,0,0,0.0,0,
cirugia de varices esofagicas,NONE,Ligadura Esofagica,Ligadura Esofagica,2,0,0,0.0,0,
como curar varices esofagicas,NONE,Ligadura Esofagica,Ligadura Esofagica,2,0,0,0.0,0,
como se cura las varices esofágicas,NONE,Ligadura Esofagica,Ligadura Esofagica,2,0,0,0.0,0,
como se ven las varices esofagicas,NONE,Ligadura Esofagica,Ligadura Esofagica,2,0,0,0.0,0,
cuidados después de ligadura de várices esofágicas,NONE,Ligadura Esofagica,Ligadura Esofagica,1,0,0,0.0,0,
endoscopia ligadura de varices,NONE,Ligadura Esofagica,Ligadura Esofagica,2,0,0,0.0,0,
endoscopia ligadura de varices esofagicas,NONE,Ligadura Esofagica,Ligadura Esofagica,4,0,0,0.0,0,
endoscopia varices esofagicas,NONE,Ligadura Esofagica,Ligadura Esofagica,8,0,0,0.0,0,
hemorragia digestiva alta por varices esofagicas,NONE,Ligadura Esofagica,Ligadura Esofagica,2,0,0,0.0,0,
las varices esofagicas se curan,NONE,Ligadura Esofagica,Ligadura Esofagica,7,0,0,0.0,0,
las várices esofágicas desaparecen,NONE,Ligadura Esofagica,Ligadura Esofagica,2,0,0,0.0,0,
ligador de varices esofágicas cook precio,NONE,Ligadura Esofagica,Ligadura Esofagica,2,0,0,0.0,0,
ligadura de varices,NONE,Ligadura Esofagica,Ligadura Esofagica,2,0,0,0.0,0,
ligadura de varices en el estomago,NONE,Ligadura Esofagica,Ligadura Esofagica,2,0,0,0.0,0,
ligadura de varices esofagicas via endoscopica,NONE,Ligadura Esofagica,Ligadura Esofagica,3,0,0,0.0,0,
ligadura de venas,NONE,Ligadura Esofagica,Ligadura Esofagica,2,0,0,0.0,0,
ligadura de venas esofagicas,NONE,Ligadura Esofagica,Ligadura Esofagica,2,0,0,0.0,0,
ligadura de venas varicosas,NONE,Ligadura Esofagica,Ligadura Esofagica,1,0,0,0.0,0,
ligadura de várices esofágicas,NONE,Ligadura Esofagica,Ligadura Esofagica,4,0,0,0.0,0,
ligadura endoscopica,NONE,Ligadura Esofagica,Ligadura Esofagica,1,0,0,0.0,0,
ligadura endoscópica,ADDED,Ligadura Esofagica,Ligadura Esofagica,2,0,0,0.0,0,
ligadura variceal,NONE,Ligadura Esofagica,Ligadura Esofagica,2,0,0,0.0,0,
ligadura varices,ADDED,Ligadura Esofagica,Ligadura Esofagica,2,0,0,0.0,0,
ligaduras de varices esofagicas,NONE,Ligadura Esofagica,Ligadura Esofagica,5,0,0,0.0,0,
ligaduras esofagicas,NONE,Ligadura Esofagica,Ligadura Esofagica,4,0,0,0.0,0,
ligaduras varices esofagicas,NONE,Ligadura Esofagica,Ligadura Esofagica,2,0,0,0.0,0,
ligamentos de varices esofagicas,NONE,Ligadura Esofagica,Ligadura Esofagica,2,0,0,0.0,0,
ligar venas,NONE,Ligadura Esofagica,Ligadura Esofagica,2,0,0,0.0,0,
ligas para varices esofágicas,NONE,Ligadura Esofagica,Ligadura Esofagica,3,0,0,0.0,0,
medicamento para varices esofagicas,NONE,Ligadura Esofagica,Ligadura Esofagica,1,0,0,0.0,0,
medicamentos para varices esofagicas,NONE,Ligadura Esofagica,Ligadura Esofagica,3,0,0,0.0,0,
precio de ligaduras para varices esofágicas,NONE,Ligadura Esofagica,Ligadura Esofagica,4,0,0,0.0,0,
que provoca las varices esofagicas,NONE,Ligadura Esofagica,Ligadura Esofagica,2,0,0,0.0,0,
tips varices esofagicas,NONE,Ligadura Esofagica,Ligadura Esofagica,2,0,0,0.0,0,
tratamiento de las varices esofagicas,NONE,Ligadura Esofagica,Ligadura Esofagica,1,0,0,0.0,0,
tratamiento de varices esofagicas,NONE,Ligadura Esofagica,Ligadura Esofagica,4,0,0,0.0,0,
tratamiento para varices esofagicas,NONE,Ligadura Esofagica,Ligadura Esofagica,2,0,0,0.0,0,
varice en el estomago,NONE,Ligadura Esofagica,Ligadura Esofagica,2,0,0,0.0,0,
varice esofagica tratamiento,NONE,Ligadura Esofagica,Ligadura Esofagica,2,0,0,0.0,0,
varice estomacal,NONE,Ligadura Esofagica,Ligadura Esofagica,4,0,0,0.0,0,
varices de esofago,NONE,Ligadura Esofagica,Ligadura Esofagica,10,0,0,0.0,0,
varices en el esofago,NONE,Ligadura Esofagica,Ligadura Esofagica,4,0,0,0.0,0,
varices en el esofago y estomago,NONE,Ligadura Esofagica,Ligadura Esofagica,6,0,0,0.0,0,
varices en el estómago,NONE,Ligadura Esofagica,Ligadura Esofagica,2,0,0,0.0,0,
varices en el higado,NONE,Ligadura Esofagica,Ligadura Esofagica,6,0,0,0.0,0,
varices esofagicas anatomia,NONE,Ligadura Esofagica,Ligadura Esofagica,1,0,0,0.0,0,
varices esofagicas baveno,NONE,Ligadura Esofagica,Ligadura Esofagica,2,0,0,0.0,0,
varices esofagicas con hemorragia,NONE,Ligadura Esofagica,Ligadura Esofagica,3,0,0,0.0,0,
varices esofagicas de baveno,NONE,Ligadura Esofagica,Ligadura Esofagica,2,0,0,0.0,0,
varices esofagicas grado 1,NONE,Ligadura Esofagica,Ligadura Esofagica,2,0,0,0.0,0,
varices esofagicas grado 4,NONE,Ligadura Esofagica,Ligadura Esofagica,4,0,0,0.0,0,
varices esofagicas grado iv,NONE,Ligadura Esofagica,Ligadura Esofagica,2,0,0,0.0,0,
varices esofagicas grandes de baveno,NONE,Ligadura Esofagica,Ligadura Esofagica,1,0,0,0.0,0,
varices esofagicas pequeñas,NONE,Ligadura Esofagica,Ligadura Esofagica,1,0,0,0.0,0,
varices esofagicas pequeñas de baveno,NONE,Ligadura Esofagica,Ligadura Esofagica,1,0,0,0.0,0,
varices esofagicas tratamiento,NONE,Ligadura Esofagica,Ligadura Esofagica,8,0,0,0.0,0,
varices esofagicas y gastricas,NONE,Ligadura Esofagica,Ligadura Esofagica,2,0,0,0.0,0,
varices esofágicas grado 3,NONE,Ligadura Esofagica,Ligadura Esofagica,2,0,0,0.0,0,
varices esofágicas grandes,NONE,Ligadura Esofagica,Ligadura Esofagica,1,0,0,0.0,0,
varices esofágicas sangrantes,NONE,Ligadura Esofagica,Ligadura Esofagica,2,0,0,0.0,0,
varices gastroesofagicas,NONE,Ligadura Esofagica,Ligadura Esofagica,2,0,0,0.0,0,
varices intestinales,NONE,Ligadura Esofagica,Ligadura Esofagica,1,0,0,0.0,0,
venas varices en el estomago,NONE,Ligadura Esofagica,Ligadura Esofagica,1,0,0,0.0,0,
várices en el esofago,NONE,Ligadura Esofagica,Ligadura Esofagica,2,0,0,0.0,0,
várices en el estómago tratamiento,NONE,Ligadura Esofagica,Ligadura Esofagica,2,0,0,0.0,0,
várices esofágicas,NONE,Ligadura Esofagica,Ligadura Esofagica,13,0,0,0.0,0,
várices esofágicas grado 1,NONE,Ligadura Esofagica,Ligadura Esofagica,2,0,0,0.0,0,
várices esofágicas grado 2,NONE,Ligadura Esofagica,Ligadura Esofagica,2,0,0,0.0,0,
várices esofágicas por cirrosis,NONE,Ligadura Esofagica,Ligadura Esofagica,2,0,0,0.0,0,
várices esofágicas y gástricas,NONE,Ligadura Esofagica,Ligadura Esofagica,1,0,0,0.0,0,
várices gástricas tratamiento,NONE,Ligadura Esofagica,Ligadura Esofagica,2,0,0,0.0,0,
úlceras o varices esofágicas,NONE,Ligadura Esofagica,Ligadura Esofagica,4,0,0,0.0,0,
a que edad se debe hacer una colonoscopia,NONE,Colonoscopia,Colonoscopy - Core,2,0,0,0.0,0,
a que edad se hace la colonoscopia en mujeres,NONE,Colonoscopia,Colonoscopy - Core,1,0,0,0.0,0,
anoscopia o colonoscopia,NONE,Colonoscopia,Colonoscopy - Core,1,0,0,0.0,0,
anoscopia y colonoscopia es lo mismo,NONE,Colonoscopia,Colonoscopy - Core,1,0,0,0.0,0,
argon plasma colonoscopia,NONE,Colonoscopia,Colonoscopy - Core,3,0,0,0.0,0,
biopsia colonoscopia,NONE,Colonoscopia,Colonoscopy - Core,2,0,0,0.0,0,
biopsia de colonoscopia,NONE,Colonoscopia,Colonoscopy - Core,1,0,0,0.0,0,
biopsia en colonoscopia,NONE,Colonoscopia,Colonoscopy - Core,1,0,0,0.0,0,
cada cuanto se puede hacer una colonoscopia,NONE,Colonoscopia,Colonoscopy - Core,1,0,0,0.0,0,
centro colonoscopia,NONE,Colonoscopia,Colonoscopy - Core,4,0,0,0.0,0,
centro de colonoscopia,NONE,Colonoscopia,Colonoscopy - Core,9,0,0,0.0,0,
centro de colonoscopia cerca de mi,NONE,Colonoscopia,Colonoscopy - Core,1,0,0,0.0,0,
chopo colonoscopia,NONE,Colonoscopia,Colonoscopy - Core,1,0,0,0.0,0,
cirugia de colonoscopia,NONE,Colonoscopia,Colonoscopy - Core,2,0,0,0.0,0,
cirugía de colonoscopia,NONE,Colonoscopia,Colonoscopy - Core,2,0,0,0.0,0,
clinica colonoscopia,NONE,Colonoscopia,Colonoscopy - Core,2,0,0,0.0,0,
clinica de colonoscopia,ADDED,Colonoscopia,Colonoscopy - Core,2,0,0,0.0,0,
clinica para colonoscopia,NONE,Colonoscopia,Colonoscopy - Core,2,0,0,0.0,0,
clinicas que realizan colonoscopia,NONE,Colonoscopia,Colonoscopy - Core,3,0,0,0.0,0,
clínica de colonoscopia,NONE,Colonoscopia,Colonoscopy - Core,1,0,0,0.0,0,
clínicas de colonoscopia,NONE,Colonoscopia,Colonoscopy - Core,3,0,0,0.0,0,
colon por enema y colonoscopia es lo mismo,NONE,Colonoscopia,Colonoscopy - Core,1,0,0,0.0,0,
colonocopia,NONE,Colonoscopia,Colonoscopy - Core,1,0,0,0.0,0,
colonosco,NONE,Colonoscopia,Colonoscopy - Core,1,0,0,0.0,0,
colonoscopia a que edad se recomienda,NONE,Colonoscopia,Colonoscopy - Core,1,0,0,0.0,0,
colonoscopia alternativas,NONE,Colonoscopia,Colonoscopy - Core,1,0,0,0.0,0,
colonoscopia ambulatoria,NONE,Colonoscopia,Colonoscopy - Core,1,0,0,0.0,0,
colonoscopia anatomia,NONE,Colonoscopia,Colonoscopy - Core,1,0,0,0.0,0,
colonoscopia anestesia,NONE,Colonoscopia,Colonoscopy - Core,1,0,0,0.0,0,
colonoscopia antes y después,NONE,Colonoscopia,Colonoscopy - Core,2,0,0,0.0,0,
colonoscopia cancer de colon,NONE,Colonoscopia,Colonoscopy - Core,1,0,0,0.0,0,
colonoscopia cdmx,NONE,Colonoscopia,Colonoscopy - Core,1,0,0,0.0,0,
colonoscopia colon irritable,NONE,Colonoscopia,Colonoscopy - Core,1,0,0,0.0,0,
colonoscopia como es,NONE,Colonoscopia,Colonoscopy - Core,1,0,0,0.0,0,
colonoscopia como es el procedimiento,NONE,Colonoscopia,Colonoscopy - Core,3,0,0,0.0,0,
colonoscopia como lo hacen,NONE,Colonoscopia,Colonoscopy - Core,1,0,0,0.0,0,
colonoscopia como se ve,NONE,Colonoscopia,Colonoscopy - Core,2,0,0,0.0,0,
colonoscopia completa,NONE,Colonoscopia,Colonoscopy - Core,5,0,0,0.0,0,
colonoscopia con diverticulitis,NONE,Colonoscopia,Colonoscopy - Core,1,0,0,0.0,0,
colonoscopia con diverticulos,NONE,Colonoscopia,Colonoscopy - Core,1,0,0,0.0,0,
colonoscopia con polipectomia,NONE,Colonoscopia,Colonoscopy - Core,1,0,0,0.0,0,
colonoscopia con toma de biopsia,NONE,Colonoscopia,Colonoscopy - Core,6,0,0,0.0,0,
colonoscopia cuando hacerla,NONE,Colonoscopia,Colonoscopy - Core,1,0,0,0.0,0,
colonoscopia cuando se recomienda,NONE,Colonoscopia,Colonoscopy - Core,1,0,0,0.0,0,
colonoscopia cuanto tarda,NONE,Colonoscopia,Colonoscopy - Core,2,0,0,0.0,0,
colonoscopia cuanto tarda el procedimiento,NONE,Colonoscopia,Colonoscopy - Core,1,0,0,0.0,0,
colonoscopia de tamizaje,NONE,Colonoscopia,Colonoscopy - Core,1,0,0,0.0,0,
colonoscopia diagnostica,NONE,Colonoscopia,Colonoscopy - Core,4,0,0,0.0,0,
colonoscopia diagnostica y terapeutica,NONE,Colonoscopia,Colonoscopy - Core,2,0,0,0.0,0,
colonoscopia digestiva,NONE,Colonoscopia,Colonoscopy - Core,3,0,0,0.0,0,
colonoscopia digital,NONE,Colonoscopia,Colonoscopy - Core,4,0,0,0.0,0,
colonoscopia diverticulitis,NONE,Colonoscopia,Colonoscopy - Core,1,0,0,0.0,0,
colonoscopia donde hacerla,NONE,Colonoscopia,Colonoscopy - Core,2,0,0,0.0,0,
colonoscopia duele,NONE,Colonoscopia,Colonoscopy - Core,2,0,0,0.0,0,
colonoscopia duración,NONE,Colonoscopia,Colonoscopy - Core,1,0,0,0.0,0,
colonoscopia edad,NONE,Colonoscopia,Colonoscopy - Core,1,0,0,0.0,0,
colonoscopia el chopo,NONE,Colonoscopia,Colonoscopy - Core,3,0,0,0.0,0,
colonoscopia en campeche,NONE,Colonoscopia,Colonoscopy - Core,1,0,0,0.0,0,
colonoscopia en coatzacoalcos,NONE,Colonoscopia,Colonoscopy - Core,2,0,0,0.0,0,
colonoscopia en el imss,NONE,Colonoscopia,Colonoscopy - Core,2,0,0,0.0,0,
colonoscopia en hombres a que edad,NONE,Colonoscopia,Colonoscopy - Core,1,0,0,0.0,0,
colonoscopia en mujeres como se hace,NONE,Colonoscopia,Colonoscopy - Core,2,0,0,0.0,0,
colonoscopia en niños,NONE,Colonoscopia,Colonoscopy - Core,2,0,0,0.0,0,
colonoscopia en niños riesgos,NONE,Colonoscopia,Colonoscopy - Core,1,0,0,0.0,0,
colonoscopia en salud digna,NONE,Colonoscopia,Colonoscopy - Core,3,0,0,0.0,0,
colonoscopia ginecologo,NONE,Colonoscopia,Colonoscopy - Core,2,0,0,0.0,0,
colonoscopia hemorroides internas grado 1,NONE,Colonoscopia,Colonoscopy - Core,1,0,0,0.0,0,
colonoscopia hemorroides sangrantes,NONE,Colonoscopia,Colonoscopy - Core,1,0,0,0.0,0,
colonoscopia imss,NONE,Colonoscopia,Colonoscopy - Core,3,0,0,0.0,0,
colonoscopia incompleta causas,NONE,Colonoscopia,Colonoscopy - Core,3,0,0,0.0,0,
colonoscopia indicaciones,NONE,Colonoscopia,Colonoscopy - Core,4,0,0,0.0,0,
colonoscopia issste,NONE,Colonoscopia,Colonoscopy - Core,1,0,0,0.0,0,
colonoscopia laparoscopica,NONE,Colonoscopia,Colonoscopy - Core,3,0,0,0.0,0,
colonoscopia mujer,NONE,Colonoscopia,Colonoscopy - Core,1,0,0,0.0,0,
colonoscopia mujeres,NONE,Colonoscopia,Colonoscopy - Core,1,0,0,0.0,0,
colonoscopia no invasiva,NONE,Colonoscopia,Colonoscopy - Core,2,0,0,0.0,0,
colonoscopia operacion,NONE,Colonoscopia,Colonoscopy - Core,1,0,0,0.0,0,
colonoscopia para mujeres,NONE,Colonoscopia,Colonoscopy - Core,2,0,0,0.0,0,
colonoscopia para que es,NONE,Colonoscopia,Colonoscopy - Core,1,0,0,0.0,0,
colonoscopia para que sirve este examen,NONE,Colonoscopia,Colonoscopy - Core,3,0,0,0.0,0,
colonoscopia parcial,NONE,Colonoscopia,Colonoscopy - Core,1,0,0,0.0,0,
colonoscopia paso a paso,NONE,Colonoscopia,Colonoscopy - Core,2,0,0,0.0,0,
colonoscopia polipos,NONE,Colonoscopia,Colonoscopy - Core,4,0,0,0.0,0,
colonoscopia por donde se hace,NONE,Colonoscopia,Colonoscopy - Core,3,0,0,0.0,0,
colonoscopia por la boca como se llama,NONE,Colonoscopia,Colonoscopy - Core,2,0,0,0.0,0,
colonoscopia preparación,NONE,Colonoscopia,Colonoscopy - Core,11,0,0,0.0,0,
colonoscopia prostata,NONE,Colonoscopia,Colonoscopy - Core,1,0,0,0.0,0,
colonoscopia que detecta,NONE,Colonoscopia,Colonoscopy - Core,3,0,0,0.0,0,
colonoscopia que doctor lo hace,NONE,Colonoscopia,Colonoscopy - Core,2,0,0,0.0,0,
colonoscopia que es y como se hace,NONE,Colonoscopia,Colonoscopy - Core,1,0,0,0.0,0,
colonoscopia que estudia,NONE,Colonoscopia,Colonoscopy - Core,1,0,0,0.0,0,
colonoscopia que medico la hace,NONE,Colonoscopia,Colonoscopy - Core,1,0,0,0.0,0,
colonoscopia que medico procurar,NONE,Colonoscopia,Colonoscopy - Core,2,0,0,0.0,0,
colonoscopia quien lo hace,NONE,Colonoscopia,Colonoscopy - Core,3,0,0,0.0,0,
colonoscopia qué es,NONE,Colonoscopia,Colonoscopy - Core,5,0,0,0.0,0,
colonoscopia recomendaciones,NONE,Colonoscopia,Colonoscopy - Core,1,0,0,0.0,0,
colonoscopia recuperacion,NONE,Colonoscopia,Colonoscopy - Core,1,0,0,0.0,0,
colonoscopia riesgos,NONE,Colonoscopia,Colonoscopy - Core,2,0,0,0.0,0,
colonoscopia screening,NONE,Colonoscopia,Colonoscopy - Core,1,0,0,0.0,0,
colonoscopia similares,NONE,Colonoscopia,Colonoscopy - Core,1,0,0,0.0,0,
colonoscopia sin sedación,NONE,Colonoscopia,Colonoscopy - Core,2,0,0,0.0,0,
colonoscopia tamizaje,NONE,Colonoscopia,Colonoscopy - Core,3,0,0,0.0,0,
colonoscopia tipo de anestesia,NONE,Colonoscopia,Colonoscopy - Core,1,0,0,0.0,0,
colonoscopia total,NONE,Colonoscopia,Colonoscopy - Core,2,0,0,0.0,0,
colonoscopia valladolid,NONE,Colonoscopia,Colonoscopy - Core,5,0,0,0.0,0,
colonoscopia video real,NONE,Colonoscopia,Colonoscopy - Core,3,0,0,0.0,0,
colonoscopia virtual duele,NONE,Colonoscopia,Colonoscopy - Core,1,0,0,0.0,0,
colonoscopia virtual es efectiva,NONE,Colonoscopia,Colonoscopy - Core,2,0,0,0.0,0,
colonoscopia y biopsia es lo mismo,NONE,Colonoscopia,Colonoscopy - Core,1,0,0,0.0,0,
colonoscopia y colposcopia es lo mismo,NONE,Colonoscopia,Colonoscopy - Core,2,0,0,0.0,0,
colonoscopia y endoscopia diferencia,NONE,Colonoscopia,Colonoscopy - Core,2,0,0,0.0,0,
colonoscopia y endoscopia es lo mismo,NONE,Colonoscopia,Colonoscopy - Core,2,0,0,0.0,0,
colonoscopia y panendoscopia,NONE,Colonoscopia,Colonoscopy - Core,3,0,0,0.0,0,
colonoscopia y papanicolaou,NONE,Colonoscopia,Colonoscopy - Core,4,0,0,0.0,0,
colonoscopias,NONE,Colonoscopia,Colonoscopy - Core,3,0,0,0.0,0,
colonoscopias economicas,NONE,Colonoscopia,Colonoscopy - Core,2,0,0,0.0,0,
colonoscopista,NONE,Colonoscopia,Colonoscopy - Core,1,0,0,0.0,0,
colonoscopy,NONE,Colonoscopia,Colonoscopy - Core,16,0,0,0.0,0,
colonoscopía que es,NONE,Colonoscopia,Colonoscopy - Core,1,0,0,0.0,0,
coloscopie,NONE,Colonoscopia,Colonoscopy - Core,4,0,0,0.0,0,
como de hace una colonoscopia,NONE,Colonoscopia,Colonoscopy - Core,1,0,0,0.0,0,
como es el estudio colonoscopia,NONE,Colonoscopia,Colonoscopy - Core,4,0,0,0.0,0,
como es el proceso de una colonoscopia,NONE,Colonoscopia,Colonoscopy - Core,1,0,0,0.0,0,
como es la colonoscopia en hombres,NONE,Colonoscopia,Colonoscopy - Core,4,0,0,0.0,0,
como funciona colonoscopia,NONE,Colonoscopia,Colonoscopy - Core,2,0,0,0.0,0,
como hacen colonoscopia,NONE,Colonoscopia,Colonoscopy - Core,2,0,0,0.0,0,
como hacen la colonoscopia en hombres,NONE,Colonoscopia,Colonoscopy - Core,1,0,0,0.0,0,
como prepararse para la colonoscopia,NONE,Colonoscopia,Colonoscopy - Core,1,0,0,0.0,0,
como prepararse para una colonoscopia y endoscopia,NONE,Colonoscopia,Colonoscopy - Core,2,0,0,0.0,0,
como realizar una colonoscopia,NONE,Colonoscopia,Colonoscopy - Core,1,0,0,0.0,0,
como saber si el colon está limpio para una colonoscopia,NONE,Colonoscopia,Colonoscopy - Core,2,0,0,0.0,0,
como se ase una colonoscopia,NONE,Colonoscopia,Colonoscopy - Core,1,0,0,0.0,0,
como se llama el estudio de colon,NONE,Colonoscopia,Colonoscopy - Core,2,0,0,0.0,0,
como se llama el estudio del colon,NONE,Colonoscopia,Colonoscopy - Core,3,0,0,0.0,0,
como se llama el estudio para ver el colon,NONE,Colonoscopia,Colonoscopy - Core,2,0,0,0.0,0,
como te anestesian para una colonoscopia,NONE,Colonoscopia,Colonoscopy - Core,2,0,0,0.0,0,
como te hacen una colonoscopia,NONE,Colonoscopia,Colonoscopy - Core,1,0,0,0.0,0,
consecuencias de una colonoscopia,NONE,Colonoscopia,Colonoscopy - Core,1,0,0,0.0,0,
cuales son las indicaciones para una colonoscopia,NONE,Colonoscopia,Colonoscopy - Core,2,0,0,0.0,0,
cuando hacer una colonoscopia,NONE,Colonoscopia,Colonoscopy - Core,1,0,0,0.0,0,
cuando hacerse una colonoscopia,NONE,Colonoscopia,Colonoscopy - Core,1,0,0,0.0,0,
cuantas horas de ayuno para colonoscopia,NONE,Colonoscopia,Colonoscopy - Core,2,0,0,0.0,0,
cuanto dura el estudio de colonoscopia,NONE,Colonoscopia,Colonoscopy - Core,2,0,0,0.0,0,
cuanto dura la colonoscopia y endoscopia,NONE,Colonoscopia,Colonoscopy - Core,1,0,0,0.0,0,
cuanto dura una endoscopia y colonoscopia juntas,NONE,Colonoscopia,Colonoscopy - Core,1,0,0,0.0,0,
cuanto tarda el procedimiento de una colonoscopia,NONE,Colonoscopia,Colonoscopy - Core,2,0,0,0.0,0,
cuanto tarda en hacerse una colonoscopia,NONE,Colonoscopia,Colonoscopy - Core,1,0,0,0.0,0,
cuanto tarda la colonoscopia,NONE,Colonoscopia,Colonoscopy - Core,1,0,0,0.0,0,
cuanto tarda una biopsia de colon,NONE,Colonoscopia,Colonoscopy - Core,2,0,0,0.0,0,
cuanto tarda una colonoscopia con anestesia,NONE,Colonoscopia,Colonoscopy - Core,1,0,0,0.0,0,
cuanto tarda una colonoscopia en hacerse,NONE,Colonoscopia,Colonoscopy - Core,4,0,0,0.0,0,
cuanto tarda una colonoscopia sin sedación,NONE,Colonoscopia,Colonoscopy - Core,2,0,0,0.0,0,
cuanto tardan en hacer una colonoscopia,NONE,Colonoscopia,Colonoscopy - Core,2,0,0,0.0,0,
cuanto tiempo de ayuno para una colonoscopia,NONE,Colonoscopia,Colonoscopy - Core,2,0,0,0.0,0,
cuanto tiempo dura una colonoscopia,NONE,Colonoscopia,Colonoscopy - Core,1,0,0,0.0,0,
cuanto tiempo tarda la colonoscopia,NONE,Colonoscopia,Colonoscopy - Core,2,0,0,0.0,0,
cuanto tiempo tarda un estudio de colonoscopia,NONE,Colonoscopia,Colonoscopy - Core,1,0,0,0.0,0,
cuidados de colonoscopia,NONE,Colonoscopia,Colonoscopy - Core,1,0,0,0.0,0,
cuidados previos a una colonoscopia,NONE,Colonoscopia,Colonoscopy - Core,2,0,0,0.0,0,
cuál es el procedimiento de una colonoscopia,NONE,Colonoscopia,Colonoscopy - Core,4,0,0,0.0,0,
cuál es la colonoscopia,NONE,Colonoscopia,Colonoscopy - Core,1,0,0,0.0,0,
cuánto dura una colonoscopia y endoscopia con sedación,NONE,Colonoscopia,Colonoscopy - Core,1,0,0,0.0,0,
cuánto tarda una colonoscopia,NONE,Colonoscopia,Colonoscopy - Core,7,0,0,0.0,0,
cuánto tarda una colonoscopia en hacerse,NONE,Colonoscopia,Colonoscopy - Core,2,0,0,0.0,0,
cuánto tardan los resultados de una colonoscopia,NONE,Colonoscopia,Colonoscopy - Core,1,0,0,0.0,0,
cuántos días hay que hacer dieta para una colonoscopia,NONE,Colonoscopia,Colonoscopy - Core,1,0,0,0.0,0,
cómo es el estudio de la colonoscopia,NONE,Colonoscopia,Colonoscopy - Core,3,0,0,0.0,0,
cómo es una colonoscopia con sedación,NONE,Colonoscopia,Colonoscopy - Core,1,0,0,0.0,0,
cómo hacen la colonoscopia,NONE,Colonoscopia,Colonoscopy - Core,1,0,0,0.0,0,
cómo prepararse para una colonoscopia,NONE,Colonoscopia,Colonoscopy - Core,4,0,0,0.0,0,
cómo se hace el estudio de colonoscopia,NONE,Colonoscopia,Colonoscopy - Core,1,0,0,0.0,0,
cómo se hace el examen colonoscopia,NONE,Colonoscopia,Colonoscopy - Core,2,0,0,0.0,0,
cómo se hace el examen de colonoscopia,NONE,Colonoscopia,Colonoscopy - Core,1,0,0,0.0,0,
cómo se llama el estudio de los intestinos,NONE,Colonoscopia,Colonoscopy - Core,2,0,0,0.0,0,
cómo se practica la colonoscopia,NONE,Colonoscopia,Colonoscopy - Core,1,0,0,0.0,0,
cómo se realiza la colonoscopia,NONE,Colonoscopia,Colonoscopy - Core,2,0,0,0.0,0,
diferencia entre colonoscopia y endoscopia,NONE,Colonoscopia,Colonoscopy - Core,2,0,0,0.0,0,
diferencia entre endoscopia y colonoscopia,NONE,Colonoscopia,Colonoscopy - Core,4,0,0,0.0,0,
diferencia entre una endoscopia y una colonoscopia,NONE,Colonoscopia,Colonoscopy - Core,1,0,0,0.0,0,
diverticulitis colonoscopia,NONE,Colonoscopia,Colonoscopy - Core,2,0,0,0.0,0,
diverticulitis en colonoscopia,NONE,Colonoscopia,Colonoscopy - Core,2,0,0,0.0,0,
doctor especialista en colonoscopia,NONE,Colonoscopia,Colonoscopy - Core,1,0,0,0.0,0,
donde hacen colonoscopia,NONE,Colonoscopia,Colonoscopy - Core,3,0,0,0.0,0,
donde hacen el estudio de colonoscopia,NONE,Colonoscopia,Colonoscopy - Core,2,0,0,0.0,0,
donde hacen la colonoscopia,NONE,Colonoscopia,Colonoscopy - Core,3,0,0,0.0,0,
donde hacerse una colonoscopia,NONE,Colonoscopia,Colonoscopy - Core,1,0,0,0.0,0,
donde me puedo hacer una colonoscopia,NONE,Colonoscopia,Colonoscopy - Core,1,0,0,0.0,0,
donde puedo realizarme una colonoscopia,NONE,Colonoscopia,Colonoscopy - Core,2,0,0,0.0,0,
donde realizan colonoscopia,NONE,Colonoscopia,Colonoscopy - Core,4,0,0,0.0,0,
duele la colonoscopia,NONE,Colonoscopia,Colonoscopy - Core,4,0,0,0.0,0,
duele una colonoscopia,NONE,Colonoscopia,Colonoscopy - Core,1,0,0,0.0,0,
dónde me puedo hacer una colonoscopia,NONE,Colonoscopia,Colonoscopy - Core,2,0,0,0.0,0,
efectos de la colonoscopia,NONE,Colonoscopia,Colonoscopy - Core,1,0,0,0.0,0,
efectos secundarios de la colonoscopia,NONE,Colonoscopia,Colonoscopy - Core,1,0,0,0.0,0,
el imss hace colonoscopia,NONE,Colonoscopia,Colonoscopy - Core,3,0,0,0.0,0,
en la colonoscopia que se puede detectar,NONE,Colonoscopia,Colonoscopy - Core,1,0,0,0.0,0,
en que consiste una colonoscopia con sedacion,NONE,Colonoscopia,Colonoscopy - Core,1,0,0,0.0,0,
en qué consiste una colonoscopia,NONE,Colonoscopia,Colonoscopy - Core,3,0,0,0.0,0,
endocolonoscopia,NONE,Colonoscopia,Colonoscopy - Core,2,0,0,0.0,0,
endoscopia baja y colonoscopia es lo mismo,NONE,Colonoscopia,Colonoscopy - Core,1,0,0,0.0,0,
endoscopia colonoscopia,NONE,Colonoscopia,Colonoscopy - Core,2,0,0,0.0,0,
endoscopia colonoscopia duele,NONE,Colonoscopia,Colonoscopy - Core,1,0,0,0.0,0,
endoscopia de colon como se realiza,NONE,Colonoscopia,Colonoscopy - Core,4,0,0,0.0,0,
endoscopia es lo mismo que colonoscopia,NONE,Colonoscopia,Colonoscopy - Core,1,0,0,0.0,0,
endoscopia o colonoscopia,NONE,Colonoscopia,Colonoscopy - Core,2,0,0,0.0,0,
endoscopia por el ano,NONE,Colonoscopia,Colonoscopy - Core,1,0,0,0.0,0,
endoscopia vs colonoscopia,NONE,Colonoscopia,Colonoscopy - Core,1,0,0,0.0,0,
endoscopia y colonoscopia cerca de mi,NONE,Colonoscopia,Colonoscopy - Core,1,0,0,0.0,0,
endoscopia y colonoscopia diferencias,NONE,Colonoscopia,Colonoscopy - Core,2,0,0,0.0,0,
endoscopia y colonoscopia riesgos,NONE,Colonoscopia,Colonoscopy - Core,1,0,0,0.0,0,
es colonoscopia o colonoscopia,NONE,Colonoscopia,Colonoscopy - Core,1,0,0,0.0,0,
es dolorosa la colonoscopia,NONE,Colonoscopia,Colonoscopy - Core,1,0,0,0.0,0,
es doloroso la colonoscopia,NONE,Colonoscopia,Colonoscopy - Core,1,0,0,0.0,0,
es lo mismo colonoscopia que endoscopia,NONE,Colonoscopia,Colonoscopy - Core,1,0,0,0.0,0,
es lo mismo endoscopia y colonoscopia,NONE,Colonoscopia,Colonoscopy - Core,2,0,0,0.0,0,
es peligroso la colonoscopia,NONE,Colonoscopia,Colonoscopy - Core,1,0,0,0.0,0,
especialista colonoscopia,NONE,Colonoscopia,Colonoscopy - Core,2,0,0,0.0,0,
estudio de camara por el recto,NONE,Colonoscopia,Colonoscopy - Core,2,0,0,0.0,0,
estudio de la colonoscopia,NONE,Colonoscopia,Colonoscopy - Core,1,0,0,0.0,0,
estudio de los intestinos como se llama,NONE,Colonoscopia,Colonoscopy - Core,2,0,0,0.0,0,
estudio del intestino como se llama,NONE,Colonoscopia,Colonoscopy - Core,1,0,0,0.0,0,
estudio para el colon,NONE,Colonoscopia,Colonoscopy - Core,2,0,0,0.0,0,
estudio para el intestino,NONE,Colonoscopia,Colonoscopy - Core,1,0,0,0.0,0,
estudio para revisar el colon,NONE,Colonoscopia,Colonoscopy - Core,2,0,0,0.0,0,
estudio para ver el colon,NONE,Colonoscopia,Colonoscopy - Core,1,0,0,0.0,0,
estudio para ver el intestino,NONE,Colonoscopia,Colonoscopy - Core,4,0,0,0.0,0,
estudio por el ano,NONE,Colonoscopia,Colonoscopy - Core,1,0,0,0.0,0,
estudio por el ano como se llama,NONE,Colonoscopia,Colonoscopy - Core,1,0,0,0.0,0,
estudio videocolonoscopia,NONE,Colonoscopia,Colonoscopy - Core,1,0,0,0.0,0,
estudios colonoscopia,NONE,Colonoscopia,Colonoscopy - Core,2,0,0,0.0,0,
estudios de colonoscopia,NONE,Colonoscopia,Colonoscopy - Core,10,0,0,0.0,0,
examen de colon,NONE,Colonoscopia,Colonoscopy - Core,5,0,0,0.0,0,
examen de colonoscopia,NONE,Colonoscopia,Colonoscopy - Core,4,0,0,0.0,0,
examen de colonoscopia como se realiza,NONE,Colonoscopia,Colonoscopy - Core,2,0,0,0.0,0,
examen del colon,NONE,Colonoscopia,Colonoscopy - Core,2,0,0,0.0,0,
examen para el colon,NONE,Colonoscopia,Colonoscopy - Core,1,0,0,0.0,0,
examen para el colon como se llama,NONE,Colonoscopia,Colonoscopy - Core,2,0,0,0.0,0,
examen para ver el colon,NONE,Colonoscopia,Colonoscopy - Core,1,0,0,0.0,0,
examenes del colon,NONE,Colonoscopia,Colonoscopy - Core,2,0,0,0.0,0,
gastrocolonoscopia,NONE,Colonoscopia,Colonoscopy - Core,2,0,0,0.0,0,
hasta donde llega la colonoscopia,NONE,Colonoscopia,Colonoscopy - Core,1,0,0,0.0,0,
hay colonoscopia en salud digna,NONE,Colonoscopia,Colonoscopy - Core,4,0,0,0.0,0,
ileon terminal colonoscopia,NONE,Colonoscopia,Colonoscopy - Core,1,0,0,0.0,0,
indicaciones antes de una colonoscopia,NONE,Colonoscopia,Colonoscopy - Core,1,0,0,0.0,0,
indicaciones colonoscopia,NONE,Colonoscopia,Colonoscopy - Core,2,0,0,0.0,0,
indicaciones de una colonoscopia,NONE,Colonoscopia,Colonoscopy - Core,2,0,0,0.0,0,
indicaciones para colonoscopia,NONE,Colonoscopia,Colonoscopy - Core,3,0,0,0.0,0,
intestino irritable colonoscopia,NONE,Colonoscopia,Colonoscopy - Core,1,0,0,0.0,0,
k es la colonoscopia,NONE,Colonoscopia,Colonoscopy - Core,1,0,0,0.0,0,
kolonoskopia,NONE,Colonoscopia,Colonoscopy - Core,1,0,0,0.0,0,
la colonoscopia cada cuanto se hace,NONE,Colonoscopia,Colonoscopy - Core,1,0,0,0.0,0,
la colonoscopia duele,NONE,Colonoscopia,Colonoscopy - Core,2,0,0,0.0,0,
la colonoscopia duele despues,NONE,Colonoscopia,Colonoscopy - Core,1,0,0,0.0,0,
la colonoscopia es ambulatoria,NONE,Colonoscopia,Colonoscopy - Core,4,0,0,0.0,0,
la colonoscopia es con anestesia,NONE,Colonoscopia,Colonoscopy - Core,1,0,0,0.0,0,
la colonoscopia es dolorosa,NONE,Colonoscopia,Colonoscopy - Core,1,0,0,0.0,0,
la colonoscopia es peligrosa,NONE,Colonoscopia,Colonoscopy - Core,4,0,0,0.0,0,
la colonoscopia es por el ano,NONE,Colonoscopia,Colonoscopy - Core,1,0,0,0.0,0,
la colonoscopia por donde se hace,NONE,Colonoscopia,Colonoscopy - Core,1,0,0,0.0,0,
la colonoscopia que detecta,NONE,Colonoscopia,Colonoscopy - Core,1,0,0,0.0,0,
la colonoscopia se hace en quirofano,NONE,Colonoscopia,Colonoscopy - Core,2,0,0,0.0,0,
la endoscopia y colonoscopia se hacen juntas,NONE,Colonoscopia,Colonoscopy - Core,1,0,0,0.0,0,
laboratorios que hagan colonoscopia,NONE,Colonoscopia,Colonoscopy - Core,2,0,0,0.0,0,
limpieza intestinal colonoscopia,NONE,Colonoscopia,Colonoscopy - Core,2,0,0,0.0,0,
macrogol colonoscopia,NONE,Colonoscopia,Colonoscopy - Core,1,0,0,0.0,0,
medicamento preparacion colonoscopia,NONE,Colonoscopia,Colonoscopy - Core,2,0,0,0.0,0,
noscopia,NONE,Colonoscopia,Colonoscopy - Core,1,0,0,0.0,0,
nuevo método de colonoscopia,NONE,Colonoscopia,Colonoscopy - Core,1,0,0,0.0,0,
operacion colonoscopia,NONE,Colonoscopia,Colonoscopy - Core,1,0,0,0.0,0,
operacion de colonoscopia,NONE,Colonoscopia,Colonoscopy - Core,1,0,0,0.0,0,
pancolonoscopia,NONE,Colonoscopia,Colonoscopy - Core,2,0,0,0.0,0,
panendo colonoscopia,NONE,Colonoscopia,Colonoscopy - Core,3,0,0,0.0,0,
panendoscopia y colonoscopia,NONE,Colonoscopia,Colonoscopy - Core,1,0,0,0.0,0,
papanicolaou y colonoscopia,NONE,Colonoscopia,Colonoscopy - Core,2,0,0,0.0,0,
para q se hace una colonoscopia,NONE,Colonoscopia,Colonoscopy - Core,1,0,0,0.0,0,
para que es la colonoscopia,NONE,Colonoscopia,Colonoscopy - Core,3,0,0,0.0,0,
para que es la colonoscopia en mujeres,NONE,Colonoscopia,Colonoscopy - Core,1,0,0,0.0,0,
para que se hace la colonoscopia,NONE,Colonoscopia,Colonoscopy - Core,2,0,0,0.0,0,
para que se realiza una colonoscopia,NONE,Colonoscopia,Colonoscopy - Core,1,0,0,0.0,0,
para que sirve la colonoscopia y endoscopia,NONE,Colonoscopia,Colonoscopy - Core,1,0,0,0.0,0,
para que son las colonoscopias,NONE,Colonoscopia,Colonoscopy - Core,2,0,0,0.0,0,
para qué es una colonoscopia,NONE,Colonoscopia,Colonoscopy - Core,1,0,0,0.0,0,
para qué se hace la colonoscopia,NONE,Colonoscopia,Colonoscopy - Core,2,0,0,0.0,0,
por que se hace una colonoscopia,NONE,Colonoscopia,Colonoscopy - Core,1,0,0,0.0,0,
por qué se hace la colonoscopia,NONE,Colonoscopia,Colonoscopy - Core,1,0,0,0.0,0,
porque hacerse una colonoscopia,NONE,Colonoscopia,Colonoscopy - Core,2,0,0,0.0,0,
porque se hace una colonoscopia,NONE,Colonoscopia,Colonoscopy - Core,1,0,0,0.0,0,
porque se realiza la colonoscopia,NONE,Colonoscopia,Colonoscopy - Core,3,0,0,0.0,0,
posibles complicaciones de la colonoscopia,NONE,Colonoscopia,Colonoscopy - Core,2,0,0,0.0,0,
preparacion colonoscopia,NONE,Colonoscopia,Colonoscopy - Core,5,0,0,0.0,0,
preparacion de una colonoscopia,NONE,Colonoscopia,Colonoscopy - Core,1,0,0,0.0,0,
preparacion intestinal colonoscopia,NONE,Colonoscopia,Colonoscopy - Core,1,0,0,0.0,0,
preparacion para una colonoscopia,NONE,Colonoscopia,Colonoscopy - Core,1,0,0,0.0,0,
preparaciones para colonoscopia,NONE,Colonoscopia,Colonoscopy - Core,3,0,0,0.0,0,
preparación de colonoscopia,NONE,Colonoscopia,Colonoscopy - Core,1,0,0,0.0,0,
preparación para colonoscopia,NONE,Colonoscopia,Colonoscopy - Core,4,0,0,0.0,0,
preparación para colonoscopia con sedación,NONE,Colonoscopia,Colonoscopy - Core,1,0,0,0.0,0,
preparación para colonoscopia laxante,NONE,Colonoscopia,Colonoscopy - Core,1,0,0,0.0,0,
preparación para colonoscopia por la mañana,NONE,Colonoscopia,Colonoscopy - Core,1,0,0,0.0,0,
preparación para una colonoscopia con sedación,NONE,Colonoscopia,Colonoscopy - Core,1,0,0,0.0,0,
preparativo para una colonoscopia,NONE,Colonoscopia,Colonoscopy - Core,1,0,0,0.0,0,
preparação para colonoscopia,NONE,Colonoscopia,Colonoscopy - Core,1,0,0,0.0,0,
procedimiento antes de una colonoscopia,NONE,Colonoscopia,Colonoscopy - Core,1,0,0,0.0,0,
procedimiento de colonoscopia,NONE,Colonoscopia,Colonoscopy - Core,3,0,0,0.0,0,
procedimiento de la colonoscopia,NONE,Colonoscopia,Colonoscopy - Core,7,0,0,0.0,0,
procedimiento de una colonoscopia,NONE,Colonoscopia,Colonoscopy - Core,1,0,0,0.0,0,
proceso colonoscopia,NONE,Colonoscopia,Colonoscopy - Core,1,0,0,0.0,0,
proceso de colonoscopia,NONE,Colonoscopia,Colonoscopy - Core,3,0,0,0.0,0,
protocolo colonoscopia,NONE,Colonoscopia,Colonoscopy - Core,2,0,0,0.0,0,
prueba de colon,NONE,Colonoscopia,Colonoscopy - Core,1,0,0,0.0,0,
prueba de colonoscopia dieta,NONE,Colonoscopia,Colonoscopy - Core,1,0,0,0.0,0,
que colonoscopia,NONE,Colonoscopia,Colonoscopy - Core,1,0,0,0.0,0,
que detecta la colonoscopia,NONE,Colonoscopia,Colonoscopy - Core,4,0,0,0.0,0,
que detecta una colonoscopia,NONE,Colonoscopia,Colonoscopy - Core,3,0,0,0.0,0,
que diferencia hay entre colonoscopia y endoscopia,NONE,Colonoscopia,Colonoscopy - Core,4,0,0,0.0,0,
que doctor hace colonoscopia,NONE,Colonoscopia,Colonoscopy - Core,2,0,0,0.0,0,
que doctor hace la colonoscopia,NONE,Colonoscopia,Colonoscopy - Core,3,0,0,0.0,0,
que enfermedades detecta la colonoscopia,NONE,Colonoscopia,Colonoscopy - Core,7,0,0,0.0,0,
que es colonoscopia completa,NONE,Colonoscopia,Colonoscopy - Core,3,0,0,0.0,0,
que es colonoscopia en mujeres,NONE,Colonoscopia,Colonoscopy - Core,4,0,0,0.0,0,
que es colonoscopia virtual,NONE,Colonoscopia,Colonoscopy - Core,1,0,0,0.0,0,
que es colonoscopia y endoscopia,NONE,Colonoscopia,Colonoscopy - Core,1,0,0,0.0,0,
que es endoscopia y colonoscopia,NONE,Colonoscopia,Colonoscopy - Core,2,0,0,0.0,0,
que es la prueba del colon,NONE,Colonoscopia,Colonoscopy - Core,1,0,0,0.0,0,
que es una colonoscopia con biopsia,NONE,Colonoscopia,Colonoscopy - Core,2,0,0,0.0,0,
que es una colonoscopia en mujeres,NONE,Colonoscopia,Colonoscopy - Core,2,0,0,0.0,0,
que es una colonoscopia virtual,NONE,Colonoscopia,Colonoscopy - Core,2,0,0,0.0,0,
que es una colonoscopia y endoscopia,NONE,Colonoscopia,Colonoscopy - Core,2,0,0,0.0,0,
que es una endoscopia de colon,NONE,Colonoscopia,Colonoscopy - Core,1,0,0,0.0,0,
que es una endoscopia y colonoscopia,NONE,Colonoscopia,Colonoscopy - Core,9,0,0,0.0,0,
que especialidad hace colonoscopia,NONE,Colonoscopia,Colonoscopy - Core,1,0,0,0.0,0,
que especialista hace colonoscopia,NONE,Colonoscopia,Colonoscopy - Core,2,0,0,0.0,0,
que especialista hace la colonoscopia,NONE,Colonoscopia,Colonoscopy - Core,4,0,0,0.0,0,
que especialista realiza la colonoscopia,NONE,Colonoscopia,Colonoscopy - Core,2,0,0,0.0,0,
que estudio se hace para checar el colon,NONE,Colonoscopia,Colonoscopy - Core,1,0,0,0.0,0,
que estudio se hace para ver el colon,NONE,Colonoscopia,Colonoscopy - Core,4,0,0,0.0,0,
que estudio se hace para ver los intestinos,NONE,Colonoscopia,Colonoscopy - Core,1,0,0,0.0,0,
que hacer antes de una colonoscopia,NONE,Colonoscopia,Colonoscopy - Core,2,0,0,0.0,0,
que médico realiza la colonoscopia,NONE,Colonoscopia,Colonoscopy - Core,1,0,0,0.0,0,
que preparacion hay que hacer para una colonoscopia,NONE,Colonoscopia,Colonoscopy - Core,1,0,0,0.0,0,
que riesgos tiene una colonoscopia,NONE,Colonoscopia,Colonoscopy - Core,1,0,0,0.0,0,
que se hace en una colonoscopia,NONE,Colonoscopia,Colonoscopy - Core,1,0,0,0.0,0,
que se puede encontrar en una colonoscopia,NONE,Colonoscopia,Colonoscopy - Core,2,0,0,0.0,0,
que se toma antes de una colonoscopia,NONE,Colonoscopia,Colonoscopy - Core,1,0,0,0.0,0,
que se ve en una colonoscopia,NONE,Colonoscopia,Colonoscopy - Core,1,0,0,0.0,0,
que significa colonoscopia,NONE,Colonoscopia,Colonoscopy - Core,1,0,0,0.0,0,
que tiempo dura una colonoscopia y endoscopia,NONE,Colonoscopia,Colonoscopy - Core,2,0,0,0.0,0,
que tipo de procedimiento es una colonoscopia,NONE,Colonoscopia,Colonoscopy - Core,1,0,0,0.0,0,
quien hace colonoscopia,NONE,Colonoscopia,Colonoscopy - Core,4,0,0,0.0,0,
quien realiza las colonoscopias,NONE,Colonoscopia,Colonoscopy - Core,3,0,0,0.0,0,
quien realiza una colonoscopia,NONE,Colonoscopia,Colonoscopy - Core,1,0,0,0.0,0,
quien te hace la colonoscopia,NONE,Colonoscopia,Colonoscopy - Core,2,0,0,0.0,0,
qué es mejor una colonoscopia o una endoscopia,NONE,Colonoscopia,Colonoscopy - Core,2,0,0,0.0,0,
qué es una endoscopia y una colonoscopia,NONE,Colonoscopia,Colonoscopy - Core,1,0,0,0.0,0,
recomendaciones antes de una colonoscopia,NONE,Colonoscopia,Colonoscopy - Core,2,0,0,0.0,0,
rectoscopia y colonoscopia,NONE,Colonoscopia,Colonoscopy - Core,1,0,0,0.0,0,
rectosigmoidoscopia y colonoscopia,NONE,Colonoscopia,Colonoscopy - Core,1,0,0,0.0,0,
requisitos para hacer una colonoscopia,NONE,Colonoscopia,Colonoscopy - Core,2,0,0,0.0,0,
requisitos para una colonoscopia,NONE,Colonoscopia,Colonoscopy - Core,2,0,0,0.0,0,
resultados de una colonoscopia,NONE,Colonoscopia,Colonoscopy - Core,2,0,0,0.0,0,
revisión colonoscopia,NONE,Colonoscopia,Colonoscopy - Core,1,0,0,0.0,0,
riesgos de colonoscopia con sedación,NONE,Colonoscopia,Colonoscopy - Core,1,0,0,0.0,0,
riesgos de la colonoscopia,NONE,Colonoscopia,Colonoscopy - Core,3,0,0,0.0,0,
riesgos de la colonoscopia en ancianos,NONE,Colonoscopia,Colonoscopy - Core,1,0,0,0.0,0,
riesgos de una colonoscopia,NONE,Colonoscopia,Colonoscopy - Core,1,0,0,0.0,0,
salud digna colonoscopia,NONE,Colonoscopia,Colonoscopy - Core,5,0,0,0.0,0,
salud digna hacen colonoscopia,NONE,Colonoscopia,Colonoscopy - Core,7,0,0,0.0,0,
se puede hacer colonoscopia con hemorroides,NONE,Colonoscopia,Colonoscopy - Core,1,0,0,0.0,0,
se puede hacer colonoscopia sin anestesia,NONE,Colonoscopia,Colonoscopy - Core,2,0,0,0.0,0,
se puede hacer colonoscopia y endoscopia juntas,NONE,Colonoscopia,Colonoscopy - Core,2,0,0,0.0,0,
se puede hacer endoscopia y colonoscopia al mismo tiempo,NONE,Colonoscopia,Colonoscopy - Core,2,0,0,0.0,0,
se puede hacer la colonoscopia con el periodo,NONE,Colonoscopia,Colonoscopy - Core,1,0,0,0.0,0,
se puede hacer una colonoscopia sin anestesia,NONE,Colonoscopia,Colonoscopy - Core,3,0,0,0.0,0,
se puede hacer una colonoscopia sin sedación,NONE,Colonoscopia,Colonoscopy - Core,1,0,0,0.0,0,
se puede hacer una endoscopia y colonoscopia el mismo día,NONE,Colonoscopia,Colonoscopy - Core,1,0,0,0.0,0,
se puede hacer una endoscopia y colonoscopia juntas,NONE,Colonoscopia,Colonoscopy - Core,7,0,0,0.0,0,
se puede realizar endoscopia y colonoscopia al mismo tiempo,NONE,Colonoscopia,Colonoscopy - Core,1,0,0,0.0,0,
se puede realizar una endoscopia y colonoscopia al mismo tiempo,NONE,Colonoscopia,Colonoscopy - Core,1,0,0,0.0,0,
sedacion cuanto dura una colonoscopia,NONE,Colonoscopia,Colonoscopy - Core,2,0,0,0.0,0,
sedación para colonoscopia,NONE,Colonoscopia,Colonoscopy - Core,1,0,0,0.0,0,
si me van a hacer una colonoscopia,NONE,Colonoscopia,Colonoscopy - Core,1,0,0,0.0,0,
sigmoidoscopia y colonoscopia,NONE,Colonoscopia,Colonoscopy - Core,1,0,0,0.0,0,
significado de colonoscopia,NONE,Colonoscopia,Colonoscopy - Core,2,0,0,0.0,0,
tamizaje colonoscopia,NONE,Colonoscopia,Colonoscopy - Core,2,0,0,0.0,0,
tiempo de recuperación de una colonoscopia,NONE,Colonoscopia,Colonoscopy - Core,1,0,0,0.0,0,
tiempo duración colonoscopia,NONE,Colonoscopia,Colonoscopy - Core,3,0,0,0.0,0,
tipos de anestesia para colonoscopia,NONE,Colonoscopia,Colonoscopy - Core,1,0,0,0.0,0,
tipos de colonoscopia,NONE,Colonoscopia,Colonoscopy - Core,2,0,0,0.0,0,
video de una colonoscopia,NONE,Colonoscopia,Colonoscopy - Core,1,0,0,0.0,0,
what is a colonoscopy,NONE,Colonoscopia,Colonoscopy - Core,1,0,0,0.0,0,
colonoscopia precio chopo,NONE,Colon Max Conversions,Colonoscopy - Pricing,2,0,0,0.0,0,
colonoscopia precio en salud digna,NONE,Colon Max Conversions,Colonoscopy - Pricing,2,0,0,0.0,0,
colonoscopia precio mexico,NONE,Colon Max Conversions,Colonoscopy - Pricing,2,0,0,0.0,0,
colonoscopia precio similares,NONE,Colon Max Conversions,Colonoscopy - Pricing,2,0,0,0.0,0,
costo colonoscopia,ADDED,Colon Max Conversions,Colonoscopy - Pricing,4,0,0,0.0,0,
costo de colonoscopia en salud digna,NONE,Colon Max Conversions,Colonoscopy - Pricing,2,0,0,0.0,0,
costo de estudio colonoscopia,NONE,Colon Max Conversions,Colonoscopy - Pricing,2,0,0,0.0,0,
costo de una colonoscopia en el chopo,NONE,Colon Max Conversions,Colonoscopy - Pricing,1,0,0,0.0,0,
costo de una colonoscopia en mexico,NONE,Colon Max Conversions,Colonoscopy - Pricing,1,0,0,0.0,0,
costos colonoscopia,NONE,Colon Max Conversions,Colonoscopy - Pricing,2,0,0,0.0,0,
cuanto vale una colonoscopia,NONE,Colon Max Conversions,Colonoscopy - Pricing,1,0,0,0.0,0,
cuánto cuesta un estudio de colonoscopia,NONE,Colon Max Conversions,Colonoscopy - Pricing,4,0,0,0.0,0,
cuánto sale una colonoscopia,NONE,Colon Max Conversions,Colonoscopy - Pricing,2,0,0,0.0,0,
cuánto vale una colonoscopia,NONE,Colon Max Conversions,Colonoscopy - Pricing,2,0,0,0.0,0,
estudio colonoscopia precio,NONE,Colon Max Conversions,Colonoscopy - Pricing,2,0,0,0.0,0,
precio aproximado de una colonoscopia,NONE,Colon Max Conversions,Colonoscopy - Pricing,1,0,0,0.0,0,
precio de colonoscopia,ADDED,Colon Max Conversions,Colonoscopy - Pricing,1,0,0,0.0,0,
precio de colonoscopia en similares,NONE,Colon Max Conversions,Colonoscopy - Pricing,2,0,0,0.0,0,
salud digna colonoscopia precio,NONE,Colon Max Conversions,Colonoscopy - Pricing,2,0,0,0.0,0,
anestesia para colonoscopia,NONE,Colon Max Conversions,Colonoscopy - Core,2,0,0,0.0,0,
cada cuando se debe hacer una colonoscopia,NONE,Colon Max Conversions,Colonoscopy - Core,2,0,0,0.0,0,
cada cuanto se tiene que hacer una colonoscopia,NONE,Colon Max Conversions,Colonoscopy - Core,2,0,0,0.0,0,
centro de colonoscopia,NONE,Colon Max Conversions,Colonoscopy - Core,1,0,0,0.0,0,
centro de colonoscopia y endoscopia,NONE,Colon Max Conversions,Colonoscopy - Core,2,0,0,0.0,0,
colonoscopia alcohol,NONE,Colon Max Conversions,Colonoscopy - Core,2,0,0,0.0,0,
colonoscopia biopsia,NONE,Colon Max Conversions,Colonoscopy - Core,2,0,0,0.0,0,
colonoscopia bolsa,NONE,Colon Max Conversions,Colonoscopy - Core,1,0,0,0.0,0,
colonoscopia cdmx,NONE,Colon Max Conversions,Colonoscopy - Core,2,0,0,0.0,0,
colonoscopia como lo hacen,NONE,Colon Max Conversions,Colonoscopy - Core,1,0,0,0.0,0,
colonoscopia con biopsia,NONE,Colon Max Conversions,Colonoscopy - Core,3,0,0,0.0,0,
colonoscopia con toma de biopsia,NONE,Colon Max Conversions,Colonoscopy - Core,2,0,0,0.0,0,
colonoscopia divertículos,NONE,Colon Max Conversions,Colonoscopy - Core,2,0,0,0.0,0,
colonoscopia donde se hace,NONE,Colon Max Conversions,Colonoscopy - Core,2,0,0,0.0,0,
colonoscopia duele mucho,NONE,Colon Max Conversions,Colonoscopy - Core,2,0,0,0.0,0,
colonoscopia en merida,ADDED,Colon Max Conversions,Colonoscopy - Core,4,0,0,0.0,0,
colonoscopia en mujer,NONE,Colon Max Conversions,Colonoscopy - Core,1,0,0,0.0,0,
colonoscopia es con anestesia,NONE,Colon Max Conversions,Colonoscopy - Core,1,0,0,0.0,0,
colonoscopia infantil,NONE,Colon Max Conversions,Colonoscopy - Core,2,0,0,0.0,0,
colonoscopia laparoscopica,NONE,Colon Max Conversions,Colonoscopy - Core,1,0,0,0.0,0,
colonoscopia para que sirve,NONE,Colon Max Conversions,Colonoscopy - Core,4,0,0,0.0,0,
colonoscopia por enema,NONE,Colon Max Conversions,Colonoscopy - Core,2,0,0,0.0,0,
colonoscopia preparación,NONE,Colon Max Conversions,Colonoscopy - Core,5,0,0,0.0,0,
colonoscopia procedimiento,NONE,Colon Max Conversions,Colonoscopy - Core,1,0,0,0.0,0,
colonoscopia que es y para que sirve,NONE,Colon Max Conversions,Colonoscopy - Core,3,0,0,0.0,0,
colonoscopia real,NONE,Colon Max Conversions,Colonoscopy - Core,1,0,0,0.0,0,
colonoscopia salud digna,NONE,Colon Max Conversions,Colonoscopy - Core,1,0,0,0.0,0,
colonoscopia sin sedación,NONE,Colon Max Conversions,Colonoscopy - Core,2,0,0,0.0,0,
colonoscopia te duermen,NONE,Colon Max Conversions,Colonoscopy - Core,1,0,0,0.0,0,
colonoscopia video real,NONE,Colon Max Conversions,Colonoscopy - Core,1,0,0,0.0,0,
colonoscopia virtual,NONE,Colon Max Conversions,Colonoscopy - Core,4,0,0,0.0,0,
colonoscopy,NONE,Colon Max Conversions,Colonoscopy - Core,10,0,0,0.0,0,
colonoscopy test,NONE,Colon Max Conversions,Colonoscopy - Core,1,0,0,0.0,0,
colonoscopía,NONE,Colon Max Conversions,Colonoscopy - Core,10,0,0,0.0,0,
colonscopia,NONE,Colon Max Conversions,Colonoscopy - Core,2,0,0,0.0,0,
coloscopia,NONE,Colon Max Conversions,Colonoscopy - Core,2,0,0,0.0,0,
coloscopie,NONE,Colon Max Conversions,Colonoscopy - Core,1,0,0,0.0,0,
colostomia o colonoscopia,NONE,Colon Max Conversions,Colonoscopy - Core,2,0,0,0.0,0,
como es el estudio colonoscopia,NONE,Colon Max Conversions,Colonoscopy - Core,2,0,0,0.0,0,
como hacen colonoscopia,NONE,Colon Max Conversions,Colonoscopy - Core,2,0,0,0.0,0,
como prepararse para colonoscopia,NONE,Colon Max Conversions,Colonoscopy - Core,2,0,0,0.0,0,
como se hace la colonoscopia,NONE,Colon Max Conversions,Colonoscopy - Core,4,0,0,0.0,0,
como se hace una colonoscopia,NONE,Colon Max Conversions,Colonoscopy - Core,2,0,0,0.0,0,
como se hace una endoscopia y colonoscopia juntas,NONE,Colon Max Conversions,Colonoscopy - Core,1,0,0,0.0,0,
como se llama el estudio para ver el colon,NONE,Colon Max Conversions,Colonoscopy - Core,1,0,0,0.0,0,
como se ve la enfermedad de crohn en colonoscopia,NONE,Colon Max Conversions,Colonoscopy - Core,1,0,0,0.0,0,
como te hacen la colonoscopia,NONE,Colon Max Conversions,Colonoscopy - Core,2,0,0,0.0,0,
coronoscopia,NONE,Colon Max Conversions,Colonoscopy - Core,2,0,0,0.0,0,
cual es la diferencia entre endoscopia y colonoscopia,NONE,Colon Max Conversions,Colonoscopy - Core,2,0,0,0.0,0,
cuanto dura un estudio de colonoscopia,NONE,Colon Max Conversions,Colonoscopy - Core,2,0,0,0.0,0,
cuanto dura una colonoscopia,NONE,Colon Max Conversions,Colonoscopy - Core,8,0,0,0.0,0,
cuanto tarda una colonoscopia,NONE,Colon Max Conversions,Colonoscopy - Core,6,0,0,0.0,0,
cuanto tiempo dura la colonoscopia,NONE,Colon Max Conversions,Colonoscopy - Core,1,0,0,0.0,0,
cuanto tiempo tarda una colonoscopia y endoscopia,NONE,Colon Max Conversions,Colonoscopy - Core,2,0,0,0.0,0,
cuanto tiempo tardan en hacer una colonoscopia,NONE,Colon Max Conversions,Colonoscopy - Core,1,0,0,0.0,0,
cuál es el procedimiento de una colonoscopia,NONE,Colon Max Conversions,Colonoscopy - Core,2,0,0,0.0,0,
cuál es el proceso de una colonoscopia,NONE,Colon Max Conversions,Colonoscopy - Core,5,0,0,0.0,0,
cuánto tarda una colonoscopia,NONE,Colon Max Conversions,Colonoscopy - Core,3,0,0,0.0,0,
cuánto tiempo tarda una colonoscopia,NONE,Colon Max Conversions,Colonoscopy - Core,1,0,0,0.0,0,
cuántos días antes de una colonoscopia puedo tomar alcohol,NONE,Colon Max Conversions,Colonoscopy - Core,2,0,0,0.0,0,
cómo se hace el examen de colonoscopia,NONE,Colon Max Conversions,Colonoscopy - Core,2,0,0,0.0,0,
cómo se realiza la colonoscopia,NONE,Colon Max Conversions,Colonoscopy - Core,2,0,0,0.0,0,
doctor que hace colonoscopia,NONE,Colon Max Conversions,Colonoscopy - Core,2,0,0,0.0,0,
duele la colonoscopia,NONE,Colon Max Conversions,Colonoscopy - Core,1,0,0,0.0,0,
duracion colonoscopia,NONE,Colon Max Conversions,Colonoscopy - Core,1,0,0,0.0,0,
en salud digna hacen colonoscopia,NONE,Colon Max Conversions,Colonoscopy - Core,2,0,0,0.0,0,
endoscopia colon,NONE,Colon Max Conversions,Colonoscopy - Core,1,0,0,0.0,0,
endoscopia colonoscopia,NONE,Colon Max Conversions,Colonoscopy - Core,1,0,0,0.0,0,
endoscopia es igual que colonoscopia,NONE,Colon Max Conversions,Colonoscopy - Core,1,0,0,0.0,0,
endoscopia por el recto,NONE,Colon Max Conversions,Colonoscopy - Core,2,0,0,0.0,0,
es dolorosa la colonoscopia,NONE,Colon Max Conversions,Colonoscopy - Core,3,0,0,0.0,0,
es peligrosa una colonoscopia,NONE,Colon Max Conversions,Colonoscopy - Core,4,0,0,0.0,0,
especialista colonoscopia,NONE,Colon Max Conversions,Colonoscopy - Core,5,0,0,0.0,0,
estudio del intestino como se llama,NONE,Colon Max Conversions,Colonoscopy - Core,2,0,0,0.0,0,
estudio para checar los intestinos,NONE,Colon Max Conversions,Colonoscopy - Core,1,0,0,0.0,0,
examen de colonoscopia,NONE,Colon Max Conversions,Colonoscopy - Core,2,0,0,0.0,0,
hemorroides colonoscopia,NONE,Colon Max Conversions,Colonoscopy - Core,2,0,0,0.0,0,
ileon terminal colonoscopia,NONE,Colon Max Conversions,Colonoscopy - Core,1,0,0,0.0,0,
indicaciones colonoscopia,NONE,Colon Max Conversions,Colonoscopy - Core,2,0,0,0.0,0,
indicaciones de colonoscopia,NONE,Colon Max Conversions,Colonoscopy - Core,2,0,0,0.0,0,
indicaciones para una colonoscopia,NONE,Colon Max Conversions,Colonoscopy - Core,1,0,0,0.0,0,
la colonoscopia duele,NONE,Colon Max Conversions,Colonoscopy - Core,3,0,0,0.0,0,
la colonoscopia es dolorosa,NONE,Colon Max Conversions,Colonoscopy - Core,2,0,0,0.0,0,
la colonoscopia es peligrosa,NONE,Colon Max Conversions,Colonoscopy - Core,5,0,0,0.0,0,
medico colonoscopia,NONE,Colon Max Conversions,Colonoscopy - Core,1,0,0,0.0,0,
medico colonoscopista,NONE,Colon Max Conversions,Colonoscopy - Core,1,0,0,0.0,0,
nice 2 colonoscopia,NONE,Colon Max Conversions,Colonoscopy - Core,2,0,0,0.0,0,
operación de colonoscopia,NONE,Colon Max Conversions,Colonoscopy - Core,2,0,0,0.0,0,
panendo colonoscopia,NONE,Colon Max Conversions,Colonoscopy - Core,2,0,0,0.0,0,
para la colonoscopia te sedan,NONE,Colon Max Conversions,Colonoscopy - Core,2,0,0,0.0,0,
para que se hace una colonoscopia,NONE,Colon Max Conversions,Colonoscopy - Core,1,0,0,0.0,0,
para que sirve la colonoscopia,NONE,Colon Max Conversions,Colonoscopy - Core,2,0,0,0.0,0,
para que sirve la colonoscopia en mujeres,NONE,Colon Max Conversions,Colonoscopy - Core,1,0,0,0.0,0,
por donde se hace la colonoscopia,NONE,Colon Max Conversions,Colonoscopy - Core,2,0,0,0.0,0,
porque hacen colonoscopia,NONE,Colon Max Conversions,Colonoscopy - Core,2,0,0,0.0,0,
preparacion para colonoscopia,NONE,Colon Max Conversions,Colonoscopy - Core,1,0,0,0.0,0,
preparación antes de una colonoscopia,NONE,Colon Max Conversions,Colonoscopy - Core,2,0,0,0.0,0,
preparación para colonoscopia,NONE,Colon Max Conversions,Colonoscopy - Core,1,0,0,0.0,0,
preparación para colonoscopia laxante,NONE,Colon Max Conversions,Colonoscopy - Core,5,0,0,0.0,0,
preparación para una colonoscopia,NONE,Colon Max Conversions,Colonoscopy - Core,4,0,0,0.0,0,
procedimiento de una colonoscopia,NONE,Colon Max Conversions,Colonoscopy - Core,3,0,0,0.0,0,
que es colonoscopia y para que sirve,NONE,Colon Max Conversions,Colonoscopy - Core,2,0,0,0.0,0,
que es la colonoscopia,NONE,Colon Max Conversions,Colonoscopy - Core,15,0,0,0.0,0,
que es la colonoscopia virtual,NONE,Colon Max Conversions,Colonoscopy - Core,2,0,0,0.0,0,
que es la colonoscopia y para que sirve,NONE,Colon Max Conversions,Colonoscopy - Core,1,0,0,0.0,0,
que estudio se realiza para ver los intestinos,NONE,Colon Max Conversions,Colonoscopy - Core,2,0,0,0.0,0,
que medico hace la colonoscopia,NONE,Colon Max Conversions,Colonoscopy - Core,2,0,0,0.0,0,
que medico hace una colonoscopia,NONE,Colon Max Conversions,Colonoscopy - Core,2,0,0,0.0,0,
que se detecta en una colonoscopia,NONE,Colon Max Conversions,Colonoscopy - Core,1,0,0,0.0,0,
que se ve en una colonoscopia,NONE,Colon Max Conversions,Colonoscopy - Core,2,0,0,0.0,0,
que tipo de anestesia se usa para la colonoscopia,NONE,Colon Max Conversions,Colonoscopy - Core,1,0,0,0.0,0,
que una colonoscopia,NONE,Colon Max Conversions,Colonoscopy - Core,2,0,0,0.0,0,
quien hace la colonoscopia,NONE,Colon Max Conversions,Colonoscopy - Core,1,0,0,0.0,0,
quien realiza la colonoscopia,NONE,Colon Max Conversions,Colonoscopy - Core,2,0,0,0.0,0,
quien realiza una colonoscopia,NONE,Colon Max Conversions,Colonoscopy - Core,2,0,0,0.0,0,
qué es colonoscopia,NONE,Colon Max Conversions,Colonoscopy - Core,3,0,0,0.0,0,
qué es la colonoscopia,NONE,Colon Max Conversions,Colonoscopy - Core,4,0,0,0.0,0,
qué es una colonoscopia y para qué sirve,NONE,Colon Max Conversions,Colonoscopy - Core,1,0,0,0.0,0,
qué significa colonoscopia,NONE,Colon Max Conversions,Colonoscopy - Core,2,0,0,0.0,0,
se puede hacer una endoscopia y colonoscopia juntas,NONE,Colon Max Conversions,Colonoscopy - Core,2,0,0,0.0,0,
sedacion para colonoscopia,NONE,Colon Max Conversions,Colonoscopy - Core,2,0,0,0.0,0,
tomografia colonoscopia,NONE,Colon Max Conversions,Colonoscopy - Core,2,0,0,0.0,0,
una colo,NONE,Colon Max Conversions,Colonoscopy - Core,2,0,0,0.0,0,
videos de colonoscopia,NONE,Colon Max Conversions,Colonoscopy - Core,2,0,0,0.0,0,
capsula endoscopica costo,NONE,Endoscopia,Endoscopy Prices,4,0,0,0.0,0,
colonoscopia y endoscopia precio,NONE,Endoscopia,Endoscopy Prices,3,0,0,0.0,0,
costo aproximado de una endoscopia,NONE,Endoscopia,Endoscopy Prices,1,0,0,0.0,0,
costo de la endoscopia en salud digna,NONE,Endoscopia,Endoscopy Prices,1,0,0,0.0,0,
costo de una endoscopia en el chopo,NONE,Endoscopia,Endoscopy Prices,1,0,0,0.0,0,
costo de una endoscopia en merida yucatan,NONE,Endoscopia,Endoscopy Prices,10,0,0,0.0,0,
costo ecoendoscopia,NONE,Endoscopia,Endoscopy Prices,1,0,0,0.0,0,
costo endoscopia digestiva,NONE,Endoscopia,Endoscopy Prices,1,0,0,0.0,0,
costos de endoscopia,NONE,Endoscopia,Endoscopy Prices,1,0,0,0.0,0,
cual es el costo de una endoscopia,NONE,Endoscopia,Endoscopy Prices,1,0,0,0.0,0,
cuanto cobran una endoscopia,NONE,Endoscopia,Endoscopy Prices,1,0,0,0.0,0,
cuanto cuesta hacer una endoscopia,NONE,Endoscopia,Endoscopy Prices,1,0,0,0.0,0,
cuanto cuesta una endoscopia con biopsia,NONE,Endoscopia,Endoscopy Prices,3,0,0,0.0,0,
cuanto cuesta una endoscopia de estómago,NONE,Endoscopia,Endoscopy Prices,2,0,0,0.0,0,
cuanto cuesta una endoscopia digestiva,NONE,Endoscopia,Endoscopy Prices,4,0,0,0.0,0,
cuanto cuesta una endoscopia superior,NONE,Endoscopia,Endoscopy Prices,1,0,0,0.0,0,
cuanto cuesta una esofagogastroduodenoscopia,NONE,Endoscopia,Endoscopy Prices,1,0,0,0.0,0,
cuanto cuesta una gastroscopia en mexico,NONE,Endoscopia,Endoscopy Prices,2,0,0,0.0,0,
cuanto sale una endoscopia particular,NONE,Endoscopia,Endoscopy Prices,1,0,0,0.0,0,
cuanto vale una endoscopia en mexico,NONE,Endoscopia,Endoscopy Prices,4,0,0,0.0,0,
cuál es el costo de una endoscopia,NONE,Endoscopia,Endoscopy Prices,1,0,0,0.0,0,
cuánto cuesta la endoscopia,NONE,Endoscopia,Endoscopy Prices,2,0,0,0.0,0,
cuánto cuesta un examen de endoscopia,NONE,Endoscopia,Endoscopy Prices,1,0,0,0.0,0,
cuánto cuesta una endoscopia digestiva,NONE,Endoscopia,Endoscopy Prices,1,0,0,0.0,0,
cuánto cuesta una endoscopia gastrointestinal,NONE,Endoscopia,Endoscopy Prices,2,0,0,0.0,0,
cápsula endoscópica precio méxico,NONE,Endoscopia,Endoscopy Prices,2,0,0,0.0,0,
endoscopia a bajo costo,NONE,Endoscopia,Endoscopy Prices,1,0,0,0.0,0,
endoscopia biopsia precio,NONE,Endoscopia,Endoscopy Prices,2,0,0,0.0,0,
endoscopia cancun precio,NONE,Endoscopia,Endoscopy Prices,2,0,0,0.0,0,
endoscopia con biopsia precio chopo,NONE,Endoscopia,Endoscopy Prices,4,0,0,0.0,0,
endoscopia con ligadura de varices precio,NONE,Endoscopia,Endoscopy Prices,1,0,0,0.0,0,
endoscopia digestiva alta precio salud digna,NONE,Endoscopia,Endoscopy Prices,2,0,0,0.0,0,
endoscopia digestiva precio,NONE,Endoscopia,Endoscopy Prices,4,0,0,0.0,0,
endoscopia digestiva precio salud digna,NONE,Endoscopia,Endoscopy Prices,1,0,0,0.0,0,
endoscopia en salud digna costo,NONE,Endoscopia,Endoscopy Prices,2,0,0,0.0,0,
endoscopia estomago precio,NONE,Endoscopia,Endoscopy Prices,3,0,0,0.0,0,
endoscopia garganta precio,NONE,Endoscopia,Endoscopy Prices,2,0,0,0.0,0,
endoscopia gastrica costo,NONE,Endoscopia,Endoscopy Prices,2,0,0,0.0,0,
endoscopia gastrointestinal precio salud digna,NONE,Endoscopia,Endoscopy Prices,4,0,0,0.0,0,
endoscopia gastrointestinal salud digna precio,NONE,Endoscopia,Endoscopy Prices,3,0,0,0.0,0,
endoscopia gástrica precio,NONE,Endoscopia,Endoscopy Prices,4,0,0,0.0,0,
endoscopia laringe precio,NONE,Endoscopia,Endoscopy Prices,1,0,0,0.0,0,
endoscopia nasal precio,NONE,Endoscopia,Endoscopy Prices,3,0,0,0.0,0,
endoscopia panendoscopia precio,NONE,Endoscopia,Endoscopy Prices,2,0,0,0.0,0,
endoscopia para que sirve precio,NONE,Endoscopia,Endoscopy Prices,4,0,0,0.0,0,
endoscopia particular precio,NONE,Endoscopia,Endoscopy Prices,2,0,0,0.0,0,
endoscopia precio campeche,NONE,Endoscopia,Endoscopy Prices,1,0,0,0.0,0,
endoscopia precio ciudad de mexico,NONE,Endoscopia,Endoscopy Prices,2,0,0,0.0,0,
endoscopia precio hospital angeles,NONE,Endoscopia,Endoscopy Prices,3,0,0,0.0,0,
endoscopia precio mexico,NONE,Endoscopia,Endoscopy Prices,2,0,0,0.0,0,
endoscopia precio particular,NONE,Endoscopia,Endoscopy Prices,3,0,0,0.0,0,
endoscopia precio star medica,NONE,Endoscopia,Endoscopy Prices,1,0,0,0.0,0,
endoscopia precio tuxtla gutiérrez chiapas,NONE,Endoscopia,Endoscopy Prices,1,0,0,0.0,0,
endoscopia que precio tiene,NONE,Endoscopia,Endoscopy Prices,1,0,0,0.0,0,
endoscopia similares precio,NONE,Endoscopia,Endoscopy Prices,3,0,0,0.0,0,
endoscopia superior precio salud digna,NONE,Endoscopia,Endoscopy Prices,2,0,0,0.0,0,
endoscopia uretral precio,NONE,Endoscopia,Endoscopy Prices,3,0,0,0.0,0,
endoscopia y biopsia precio,NONE,Endoscopia,Endoscopy Prices,2,0,0,0.0,0,
endoscopia y colonoscopia precio,NONE,Endoscopia,Endoscopy Prices,1,0,0,0.0,0,
endoscopias precios,NONE,Endoscopia,Endoscopy Prices,2,0,0,0.0,0,
endoscopía y colonoscopía juntas precio,NONE,Endoscopia,Endoscopy Prices,2,0,0,0.0,0,
esofagogastroduodenoscopia precio,NONE,Endoscopia,Endoscopy Prices,5,0,0,0.0,0,
estudio cpre costo en mérida yucatán,NONE,Endoscopia,Endoscopy Prices,2,0,0,0.0,0,
estudio de endoscopia en salud digna precio,NONE,Endoscopia,Endoscopy Prices,1,0,0,0.0,0,
estudio endoscopia precio,NONE,Endoscopia,Endoscopy Prices,2,0,0,0.0,0,
gastroscopia precio salud digna,NONE,Endoscopia,Endoscopy Prices,1,0,0,0.0,0,
laboratorio chopo endoscopia precio,NONE,Endoscopia,Endoscopy Prices,1,0,0,0.0,0,
panendoscopia costo,NONE,Endoscopia,Endoscopy Prices,2,0,0,0.0,0,
panendoscopia precio chopo,NONE,Endoscopia,Endoscopy Prices,1,0,0,0.0,0,
precio de endoscopia alta,NONE,Endoscopia,Endoscopy Prices,1,0,0,0.0,0,
precio de endoscopia con biopsia,NONE,Endoscopia,Endoscopy Prices,1,0,0,0.0,0,
precio de endoscopia en chopo,NONE,Endoscopia,Endoscopy Prices,2,0,0,0.0,0,
precio de endoscopia en mexico,NONE,Endoscopia,Endoscopy Prices,1,0,0,0.0,0,
precio de endoscopia en tuxtla gutiérrez,NONE,Endoscopia,Endoscopy Prices,2,0,0,0.0,0,
precio de endoscopia en villahermosa tabasco,NONE,Endoscopia,Endoscopy Prices,2,0,0,0.0,0,
precio de endoscopia salud digna,NONE,Endoscopia,Endoscopy Prices,1,0,0,0.0,0,
precio de esofagogastroduodenoscopia,NONE,Endoscopia,Endoscopy Prices,1,0,0,0.0,0,
precio de panendoscopia,NONE,Endoscopia,Endoscopy Prices,5,0,0,0.0,0,
precio de un estudio de endoscopia,NONE,Endoscopia,Endoscopy Prices,7,0,0,0.0,0,
precio de una endoscopia gastrointestinal,NONE,Endoscopia,Endoscopy Prices,1,0,0,0.0,0,
precio de una endoscopía,NONE,Endoscopia,Endoscopy Prices,1,0,0,0.0,0,
precio de una panendoscopia en salud digna,NONE,Endoscopia,Endoscopy Prices,3,0,0,0.0,0,
precio endoscopia con biopsia,NONE,Endoscopia,Endoscopy Prices,2,0,0,0.0,0,
precio endoscopia estomago,NONE,Endoscopia,Endoscopy Prices,1,0,0,0.0,0,
precio endoscopia hernia discal,NONE,Endoscopia,Endoscopy Prices,1,0,0,0.0,0,
precios de endoscopia particular,NONE,Endoscopia,Endoscopy Prices,1,0,0,0.0,0,
precios de endoscopias en salud digna,NONE,Endoscopia,Endoscopy Prices,1,0,0,0.0,0,
procedimiento endoscopia precio,NONE,Endoscopia,Endoscopy Prices,2,0,0,0.0,0,
que precio sale una endoscopia,NONE,Endoscopia,Endoscopy Prices,4,0,0,0.0,0,
qué cuesta una endoscopia,NONE,Endoscopia,Endoscopy Prices,2,0,0,0.0,0,
salud digna hacen endoscopia precio,NONE,Endoscopia,Endoscopy Prices,2,0,0,0.0,0,
salud digna precio endoscopia,NONE,Endoscopia,Endoscopy Prices,1,0,0,0.0,0,
serie esofagogastroduodenal costo,NONE,Endoscopia,Endoscopy Prices,4,0,0,0.0,0,
serie esofagogastroduodenal precio salud digna,NONE,Endoscopia,Endoscopy Prices,1,0,0,0.0,0,
valor endoscopia redsalud,NONE,Endoscopia,Endoscopy Prices,2,0,0,0.0,0,
amarre de hemorroides,NONE,Hemorroides,Hemorroides - Core,2,0,0,0.0,0,
banda elastica hemorroides,NONE,Hemorroides,Hemorroides - Core,2,0,0,0.0,0,
banding hemorroidal,NONE,Hemorroides,Hemorroides - Core,3,0,0,0.0,0,
cirugia de hemorroide,NONE,Hemorroides,Hemorroides - Core,4,0,0,0.0,0,
cirugia hemorroides,NONE,Hemorroides,Hemorroides - Core,11,0,0,0.0,0,
cirugia para hemorroides,NONE,Hemorroides,Hemorroides - Core,4,0,0,0.0,0,
cirugia por hemorroides,NONE,Hemorroides,Hemorroides - Core,5,0,0,0.0,0,
cirugía de almorranas,NONE,Hemorroides,Hemorroides - Core,2,0,0,0.0,0,
cirugía para quitar hemorroides,NONE,Hemorroides,Hemorroides - Core,2,0,0,0.0,0,
como operan las hemorroides,NONE,Hemorroides,Hemorroides - Core,1,0,0,0.0,0,
cx de hemorroides,NONE,Hemorroides,Hemorroides - Core,2,0,0,0.0,0,
cómo se opera la hemorroides,NONE,Hemorroides,Hemorroides - Core,2,0,0,0.0,0,
extirpación de hemorroides,NONE,Hemorroides,Hemorroides - Core,2,0,0,0.0,0,
hemorroidectomía,NONE,Hemorroides,Hemorroides - Core,12,0,0,0.0,0,
hemorroides cirugia,NONE,Hemorroides,Hemorroides - Core,3,0,0,0.0,0,
hemorroides cirugía,NONE,Hemorroides,Hemorroides - Core,1,0,0,0.0,0,
hemorroides como se operan,NONE,Hemorroides,Hemorroides - Core,2,0,0,0.0,0,
hemorroides operación,NONE,Hemorroides,Hemorroides - Core,2,0,0,0.0,0,
hemorroides procedimiento quirurgico,NONE,Hemorroides,Hemorroides - Core,2,0,0,0.0,0,
hemorroides se operan,NONE,Hemorroides,Hemorroides - Core,4,0,0,0.0,0,
ligadura con banda hemorroides,NONE,Hemorroides,Hemorroides - Core,2,0,0,0.0,0,
ligadura de banda elastica para hemorroides,NONE,Hemorroides,Hemorroides - Core,2,0,0,0.0,0,
ligadura hemorroide,NONE,Hemorroides,Hemorroides - Core,2,0,0,0.0,0,
ligadura hemorroides,NONE,Hemorroides,Hemorroides - Core,2,0,0,0.0,0,
ligamento de hemorroides,NONE,Hemorroides,Hemorroides - Core,1,0,0,0.0,0,
ligamentos de hemorroides,NONE,Hemorroides,Hemorroides - Core,2,0,0,0.0,0,
ligas para hemorroides,NONE,Hemorroides,Hemorroides - Core,2,0,0,0.0,0,
operacion de la hemorroides,NONE,Hemorroides,Hemorroides - Core,1,0,0,0.0,0,
operacion para hemorroides,NONE,Hemorroides,Hemorroides - Core,2,0,0,0.0,0,
operacion para quitar hemorroides,NONE,Hemorroides,Hemorroides - Core,2,0,0,0.0,0,
operación de almorranas,NONE,Hemorroides,Hemorroides - Core,2,0,0,0.0,0,
operación hemorroides,NONE,Hemorroides,Hemorroides - Core,2,0,0,0.0,0,
operación para hemorroides,NONE,Hemorroides,Hemorroides - Core,1,0,0,0.0,0,
operación para las hemorroides,NONE,Hemorroides,Hemorroides - Core,2,0,0,0.0,0,
retiro de hemorroides,NONE,Hemorroides,Hemorroides - Core,1,0,0,0.0,0,
se operan las almorranas,NONE,Hemorroides,Hemorroides - Core,2,0,0,0.0,0,
se operan las hemorroides,NONE,Hemorroides,Hemorroides - Core,4,0,0,0.0,0,
una cirugía de hemorroides,NONE,Hemorroides,Hemorroides - Core,2,0,0,0.0,0,
